pl_name,transit_ML_probability_TESS,transit_ML_probability_kepler_model,transit_ML_probability,transit_provenance,H2O_score,CO2_score,CH4_score,O3_score,gas_provenance,score_vs_verified_label,pl_rade,pl_eqt,st_teff,st_rad,mu_assumed,amplitude_1H_ppm,amplitude_1H_ppm_mu2p3,amplitude_1H_ppm_mu28,c_small,c_temperate,c_observable,c_evidence,priority_score,priority,components_used,notes
TOI-270 d,0.52586466,0.76305187,,no light curve in any built split (Kepler never observed this target),,,0.9720531515605695,,"Stage B LOPO (out-of-fold), mean over that planet's spectra; NO SKILL above a constant majority prediction at planet level (see eda/STAGE_B_RESULTS.md) - rank signal, not a detection",,2.0,383.0,3506.0,0.38,2.3,48.960671211479195,48.960671211479195,4.021769420942933,0.7130910934050843,0.9787019510896853,0.3449236815034282,0.9720531515605695,0.7208359958868348,High,evidence+observable+small+temperate,"transit: no light curve in any built split (Kepler never observed this target); gas: Stage B LOPO (out-of-fold), mean over that planet's spectra; NO SKILL above a constant majority prediction at planet level (see eda/STAGE_B_RESULTS.md) - rank signal, not a detection; O3: not modellable (no positive examples); priority from evidence+observable+small+temperate"
TRAPPIST-1 c,,,,no light curve in any built split (Kepler never observed this target),0.9256592766867137,,0.5670270231892199,,"Stage B LOPO (out-of-fold), mean over that planet's spectra; NO SKILL above a constant majority prediction at planet level (see eda/STAGE_B_RESULTS.md) - rank signal, not a detection",H2O scored 0.93 vs verified non-detection; CH4 scored 0.57 vs verified non-detection,1.097,339.7,2566.0,0.1192,28.0,19.208792499125863,233.84616955457577,19.208792499125863,0.9616794348686575,0.9950868280589545,0.14175003257533103,0.9256592766867137,0.7168484308418451,High,evidence+observable+small+temperate,"transit: no light curve in any built split (Kepler never observed this target); gas: Stage B LOPO (out-of-fold), mean over that planet's spectra; NO SKILL above a constant majority prediction at planet level (see eda/STAGE_B_RESULTS.md) - rank signal, not a detection; O3: not modellable (no positive examples); priority from evidence+observable+small+temperate"
GJ 1214 b,,,,no light curve in any built split (Kepler never observed this target),,,,,no spectra in the pack,,2.733,567.0,3101.0,0.2162,2.3,285.34460424012707,285.34460424012707,23.439021062581865,0.5838428026794228,0.8002923944724312,0.7276848323081022,,0.7054240612254927,High,observable+small+temperate,transit: no light curve in any built split (Kepler never observed this target); gas: no spectra in the pack; O3: not modellable (no positive examples); priority from observable+small+temperate
TRAPPIST-1 d,0.55452925,0.8763613,,no light curve in any built split (Kepler never observed this target),,,,,no spectra in the pack,,0.788,286.2,2566.0,0.1192,28.0,20.22129364374616,246.17227044560548,20.22129364374616,1.0,0.9994050520517584,0.1529044679214827,,0.6821532542367305,High,observable+small+temperate,transit: no light curve in any built split (Kepler never observed this target); gas: no spectra in the pack; O3: not modellable (no positive examples); priority from observable+small+temperate
K2-18 b,0.7226225,0.7960894,,no light curve in any built split (Kepler never observed this target),0.9992044312744658,1.0,0.5519710149767171,,"Stage B LOPO (out-of-fold), mean over that planet's spectra; NO SKILL above a constant majority prediction at planet level (see eda/STAGE_B_RESULTS.md) - rank signal, not a detection",H2O scored 1.00 vs verified non-detection; CO2 scored 1.00 vs verified non-detection,2.37,284.0,3457.0,0.411,2.3,24.315878553945268,24.315878553945268,1.9973757383597894,0.6428308150327067,0.9992003199146837,0.1929449828134494,1.0,0.6683912785808824,High,evidence+observable+small+temperate,"transit: no light curve in any built split (Kepler never observed this target); gas: Stage B LOPO (out-of-fold), mean over that planet's spectra; NO SKILL above a constant majority prediction at planet level (see eda/STAGE_B_RESULTS.md) - rank signal, not a detection; O3: not modellable (no positive examples); priority from evidence+observable+small+temperate"
TRAPPIST-1 b,0.48135203,0.734126,,no light curve in any built split (Kepler never observed this target),,,,,no spectra in the pack,,1.116,397.6,2566.0,0.1192,28.0,22.534327736420398,274.33094635642226,22.534327736420398,0.9545716966619978,0.9706707030309414,0.17642230317558671,,0.6677966135948884,High,observable+small+temperate,transit: no light curve in any built split (Kepler never observed this target); gas: no spectra in the pack; O3: not modellable (no positive examples); priority from observable+small+temperate
TRAPPIST-1 e,0.53863394,0.7941878,,no light curve in any built split (Kepler never observed this target),,,,,no spectra in the pack,,0.92,249.7,2566.0,0.1192,28.0,15.742304531538455,191.64544647090298,15.742304531538455,1.0,0.9921246431536329,0.09853415473800253,,0.6594892590122612,High,observable+small+temperate,transit: no light curve in any built split (Kepler never observed this target); gas: no spectra in the pack; O3: not modellable (no positive examples); priority from observable+small+temperate
GJ 3470 b,0.8272535,0.97455525,,no light curve in any built split (Kepler never observed this target),0.9985260409430164,0.9971780377442696,0.994006085161222,,"Stage B LOPO (out-of-fold), mean over that planet's spectra; NO SKILL above a constant majority prediction at planet level (see eda/STAGE_B_RESULTS.md) - rank signal, not a detection",,4.57,593.5,3600.0,0.547,2.3,131.99423285665708,131.99423285665708,10.8423834132254,0.3710399689948016,0.7639946203630712,0.5602774781285076,0.9985260409430164,0.6515470989666238,High,evidence+observable+small+temperate,"transit: no light curve in any built split (Kepler never observed this target); gas: Stage B LOPO (out-of-fold), mean over that planet's spectra; NO SKILL above a constant majority prediction at planet level (see eda/STAGE_B_RESULTS.md) - rank signal, not a detection; O3: not modellable (no positive examples); priority from evidence+observable+small+temperate"
TRAPPIST-1 f,0.5755734,0.82352674,,no light curve in any built split (Kepler never observed this target),,,,,no spectra in the pack,,1.045,217.7,2566.0,0.1192,28.0,13.396277411309601,163.0851163115952,13.396277411309601,0.9817804402573802,0.9790559075886843,0.0634920661849423,,0.6365708835212484,High,observable+small+temperate,transit: no light curve in any built split (Kepler never observed this target); gas: no spectra in the pack; O3: not modellable (no positive examples); priority from observable+small+temperate
TOI-700 e,0.71424305,0.8762228,,no light curve in any built split (Kepler never observed this target),,,,,no spectra in the pack,,0.953,272.9,3459.0,0.421,28.0,1.2969093837669254,15.788462063249527,1.2969093837669254,1.0,0.9977076003206553,0.0,,0.6242836251002047,High,observable+small+temperate,transit: no light curve in any built split (Kepler never observed this target); gas: no spectra in the pack; O3: not modellable (no positive examples); priority from observable+small+temperate
GJ 1002 b,,,,no light curve in any built split (Kepler never observed this target),,,,,no spectra in the pack,,1.03,230.9,3024.0,0.137,28.0,9.908675538480555,120.62735438150241,9.908675538480555,0.9877649597816643,0.9851894894358312,0.0,,0.6165482653804674,High,observable+small+temperate,transit: no light curve in any built split (Kepler never observed this target); gas: no spectra in the pack; O3: not modellable (no positive examples); priority from observable+small+temperate
TOI-700 d,0.7795654,0.906712,,no light curve in any built split (Kepler never observed this target),,,,,no spectra in the pack,,1.073,268.8,3459.0,0.421,28.0,1.1931611827113082,14.525440485181145,1.1931611827113082,0.9708356878124558,0.9969626221939075,0.0,,0.6149369718769885,High,observable+small+temperate,transit: no light curve in any built split (Kepler never observed this target); gas: no spectra in the pack; O3: not modellable (no positive examples); priority from observable+small+temperate
GJ 251 c,,,,no light curve in any built split (Kepler never observed this target),,,,,no spectra in the pack,,1.8,216.0,3342.0,0.36,2.3,24.277816525632254,24.277816525632254,1.994249214605506,0.7567021347444485,0.9781913242622374,0.1926048125049391,,0.6143810106289416,High,observable+small+temperate,transit: no light curve in any built split (Kepler never observed this target); gas: no spectra in the pack; O3: not modellable (no positive examples); priority from observable+small+temperate
TRAPPIST-1 g,0.52057964,0.821678,,no light curve in any built split (Kepler never observed this target),,,,,no spectra in the pack,,1.129,197.3,2566.0,0.1192,28.0,12.041995843231051,146.59821026542147,12.041995843231051,0.9497778909755422,0.9675769897743901,0.0403492364786584,,0.6143043639138507,High,observable+small+temperate,transit: no light curve in any built split (Kepler never observed this target); gas: no spectra in the pack; O3: not modellable (no positive examples); priority from observable+small+temperate
WASP-107 b,0.8094195,0.8738891,,no light curve in any built split (Kepler never observed this target),0.997184506042049,0.9984420949230014,0.01883699652506344,,"Stage B LOPO (out-of-fold), mean over that planet's spectra; NO SKILL above a constant majority prediction at planet level (see eda/STAGE_B_RESULTS.md) - rank signal, not a detection",,10.48039695,736.0,4425.0,0.657,2.3,576.0326474307537,576.0326474307537,47.3169674675262,0.027487414415827166,0.5520867992768467,0.8802235491744719,0.9984420949230014,0.6086490371601103,High,evidence+observable+small+temperate,"transit: no light curve in any built split (Kepler never observed this target); gas: Stage B LOPO (out-of-fold), mean over that planet's spectra; NO SKILL above a constant majority prediction at planet level (see eda/STAGE_B_RESULTS.md) - rank signal, not a detection; O3: not modellable (no positive examples); priority from evidence+observable+small+temperate"
GJ 1061 d,,,,no light curve in any built split (Kepler never observed this target),,,,,no spectra in the pack,,1.16,242.03,2953.0,0.156,28.0,7.399841047909084,90.08502145280626,7.399841047909084,0.9385656862213654,0.9895533217593216,0.0,,0.6025371899939647,High,observable+small+temperate,transit: no light curve in any built split (Kepler never observed this target); gas: no spectra in the pack; O3: not modellable (no positive examples); priority from observable+small+temperate
Kepler-296 f,0.5835544,0.84973204,0.8941854238510132,"model, train split -> IN-SAMPLE, not a fair score",,,,,no spectra in the pack,,1.8,274.0,3740.0,0.48,2.3,17.278700932365414,17.278700932365414,1.4193218623014445,0.7567021347444485,0.9978897297577276,0.11875554386561749,,0.5928432866065366,High,observable+small+temperate,"transit: model, train split -> IN-SAMPLE, not a fair score; gas: no spectra in the pack; O3: not modellable (no positive examples); priority from observable+small+temperate"
LP 890-9 c,0.56342137,0.7671305,,no light curve in any built split (Kepler never observed this target),,,,,no spectra in the pack,,1.367,272.0,2850.0,0.1556,28.0,0.9029831194658668,10.992837976106207,0.9029831194658668,0.8706002836071177,0.9975529988004797,0.0,,0.5837979007523741,High,observable+small+temperate,transit: no light curve in any built split (Kepler never observed this target); gas: no spectra in the pack; O3: not modellable (no positive examples); priority from observable+small+temperate
L 98-59 f,,,,no light curve in any built split (Kepler never observed this target),,,,,no spectra in the pack,,1.48,285.0,3415.0,0.3155,28.0,2.638870863843315,32.12538442939688,2.638870863843315,0.837725132702492,0.9992971221344573,0.0,,0.5740694546365467,Medium,observable+small+temperate,transit: no light curve in any built split (Kepler never observed this target); gas: no spectra in the pack; O3: not modellable (no positive examples); priority from observable+small+temperate
Kepler-62 f,0.47406685,0.55231833,0.8828561305999756,"model, test split -> held out",,,,,no spectra in the pack,,1.41,208.0,4925.0,0.64,28.0,0.03237707199383336,0.3941556590553627,0.03237707199383336,0.8577806428871395,0.9738967374550571,0.0,,0.5723991813569365,Medium,observable+small+temperate,"transit: model, test split -> held out; gas: no spectra in the pack; O3: not modellable (no positive examples); priority from observable+small+temperate"
GJ 1132 c,,,,no light curve in any built split (Kepler never observed this target),,,,,no spectra in the pack,,1.52,300.0,3090.0,0.226,28.0,5.642701045392321,68.69375185694999,5.642701045392321,0.8266865570208238,1.0,0.0,,0.5708395490690074,Medium,observable+small+temperate,transit: no light curve in any built split (Kepler never observed this target); gas: no spectra in the pack; O3: not modellable (no positive examples); priority from observable+small+temperate
LHS 475 b,0.45604432,0.74979,,no light curve in any built split (Kepler never observed this target),,,,,no spectra in the pack,,0.991,586.0,3300.0,0.2789,28.0,6.202643461087158,75.5104421349741,6.202643461087158,1.0,0.774442006933791,0.0,,0.5545131271668097,Medium,observable+small+temperate,transit: no light curve in any built split (Kepler never observed this target); gas: no spectra in the pack; O3: not modellable (no positive examples); priority from observable+small+temperate
LHS 1140 b,0.82032776,0.945584,,no light curve in any built split (Kepler never observed this target),,,,,no spectra in the pack,,1.73,226.0,3096.0,0.2159,28.0,3.5686037474888184,43.443871708559534,3.5686037474888184,0.7731204592511804,0.9830330871916111,0.0,,0.5487979832633724,Medium,observable+small+temperate,transit: no light curve in any built split (Kepler never observed this target); gas: no spectra in the pack; O3: not modellable (no positive examples); priority from observable+small+temperate
GJ 1132 b,0.8729532,0.96032387,,no light curve in any built split (Kepler never observed this target),,,,,no spectra in the pack,,1.19151465,583.8,3229.0,0.2211,28.0,8.754051682827827,106.57106396486051,8.754051682827827,0.9274703780901363,0.7774817366841057,0.0,,0.5327975358669507,Medium,observable+small+temperate,transit: no light curve in any built split (Kepler never observed this target); gas: no spectra in the pack; O3: not modellable (no positive examples); priority from observable+small+temperate
HAT-P-18 b,0.8104935,0.8451707,,no light curve in any built split (Kepler never observed this target),0.9449658482097293,0.8252935843197827,,,"Stage B LOPO (out-of-fold), mean over that planet's spectra; NO SKILL above a constant majority prediction at planet level (see eda/STAGE_B_RESULTS.md) - rank signal, not a detection",,10.70457657,841.0,4870.0,0.717,2.3,350.23184590539165,350.23184590539165,28.76904448508574,0.018726832001156952,0.40066559590850503,0.7721778165507174,0.9449658482097293,0.5254946215845766,Medium,evidence+observable+small+temperate,"transit: no light curve in any built split (Kepler never observed this target); gas: Stage B LOPO (out-of-fold), mean over that planet's spectra; NO SKILL above a constant majority prediction at planet level (see eda/STAGE_B_RESULTS.md) - rank signal, not a detection; O3: not modellable (no positive examples); priority from evidence+observable+small+temperate"
HAT-P-26 b,0.8332701,0.9413119,,no light curve in any built split (Kepler never observed this target),0.974652500097786,0.9924564563748883,,,"Stage B LOPO (out-of-fold), mean over that planet's spectra; NO SKILL above a constant majority prediction at planet level (see eda/STAGE_B_RESULTS.md) - rank signal, not a detection",,7.06167,1080.0,5079.0,0.87,2.3,218.87172657357132,218.87172657357132,17.97874896854336,0.1909141853493641,0.14938177525041804,0.6700948319348643,0.9924564563748883,0.4845937310053825,Medium,evidence+observable+small+temperate,"transit: no light curve in any built split (Kepler never observed this target); gas: Stage B LOPO (out-of-fold), mean over that planet's spectra; NO SKILL above a constant majority prediction at planet level (see eda/STAGE_B_RESULTS.md) - rank signal, not a detection; O3: not modellable (no positive examples); priority from evidence+observable+small+temperate"
GJ 486 b,0.85345364,0.9837903,,no light curve in any built split (Kepler never observed this target),,,,,no spectra in the pack,,1.289,696.3,3317.0,0.3243,28.0,4.074988347250668,49.60855379261683,4.074988347250668,0.8949189634840454,0.6121409079334774,0.0,,0.4709562098179759,Medium,observable+small+temperate,transit: no light curve in any built split (Kepler never observed this target); gas: no spectra in the pack; O3: not modellable (no positive examples); priority from observable+small+temperate
WASP-39 b,0.7463075,0.571687,,no light curve in any built split (Kepler never observed this target),0.9961612191078881,0.9627541269360119,0.7103632377633143,,"Stage B LOPO (out-of-fold), mean over that planet's spectra; NO SKILL above a constant majority prediction at planet level (see eda/STAGE_B_RESULTS.md) - rank signal, not a detection",CH4 scored 0.71 vs verified non-detection,14.336311,1166.0,5485.0,0.939,2.3,422.8180166433479,422.8180166433479,34.73147993856072,0.0,0.0959802824265601,0.8130767423475915,0.9961612191078881,0.4671503371324951,Medium,evidence+observable+small+temperate,"transit: no light curve in any built split (Kepler never observed this target); gas: Stage B LOPO (out-of-fold), mean over that planet's spectra; NO SKILL above a constant majority prediction at planet level (see eda/STAGE_B_RESULTS.md) - rank signal, not a detection; O3: not modellable (no positive examples); priority from evidence+observable+small+temperate"
51 Eri b,,,,no light curve in any built split (Kepler never observed this target),,,,,no spectra in the pack,,,807.0,7422.0,1.45,2.3,,,,,0.44785841923857533,,,0.44785841923857533,Medium,temperate,transit: no light curve in any built split (Kepler never observed this target); gas: no spectra in the pack; O3: not modellable (no positive examples); priority from temperate
WASP-52 b,0.7280635,0.729612,,no light curve in any built split (Kepler never observed this target),0.9450176709358684,,,,"Stage B LOPO (out-of-fold), mean over that planet's spectra; NO SKILL above a constant majority prediction at planet level (see eda/STAGE_B_RESULTS.md) - rank signal, not a detection",,14.24,1315.0,5000.0,0.79,2.3,403.30095574583135,403.30095574583135,33.128292793407574,0.0,0.03997691465895438,0.8028146256016879,0.9450176709358684,0.43984215053241865,Medium,evidence+observable+small+temperate,"transit: no light curve in any built split (Kepler never observed this target); gas: Stage B LOPO (out-of-fold), mean over that planet's spectra; NO SKILL above a constant majority prediction at planet level (see eda/STAGE_B_RESULTS.md) - rank signal, not a detection; O3: not modellable (no positive examples); priority from evidence+observable+small+temperate"
WASP-17 b,0.6706413,0.36718786,,no light curve in any built split (Kepler never observed this target),0.9899545340763548,,,,"Stage B LOPO (out-of-fold), mean over that planet's spectra; NO SKILL above a constant majority prediction at planet level (see eda/STAGE_B_RESULTS.md) - rank signal, not a detection",,20.96083,1755.0,6550.0,1.49,2.3,284.58735951679523,284.58735951679523,23.37681881745104,0.0,0.0013391728590153918,0.7271078030849196,0.9899545340763548,0.4164580409555007,Medium,evidence+observable+small+temperate,"transit: no light curve in any built split (Kepler never observed this target); gas: Stage B LOPO (out-of-fold), mean over that planet's spectra; NO SKILL above a constant majority prediction at planet level (see eda/STAGE_B_RESULTS.md) - rank signal, not a detection; O3: not modellable (no positive examples); priority from evidence+observable+small+temperate"
WASP-80 b,0.788527,0.61255753,,no light curve in any built split (Kepler never observed this target),,,0.4878276043108805,,"Stage B LOPO (out-of-fold), mean over that planet's spectra; NO SKILL above a constant majority prediction at planet level (see eda/STAGE_B_RESULTS.md) - rank signal, not a detection",,11.197791,825.0,4143.0,0.586,2.3,191.18495395967273,191.18495395967273,15.704478360973114,8.164678617488348e-05,0.4226004432231888,0.6407268553994148,0.4878276043108805,0.39545409998434145,Medium,evidence+observable+small+temperate,"transit: no light curve in any built split (Kepler never observed this target); gas: Stage B LOPO (out-of-fold), mean over that planet's spectra; NO SKILL above a constant majority prediction at planet level (see eda/STAGE_B_RESULTS.md) - rank signal, not a detection; O3: not modellable (no positive examples); priority from evidence+observable+small+temperate"
HAT-P-11 b,,,,no light curve in any built split (Kepler never observed this target),,,,,no spectra in the pack,,4.36,838.0,4653.0,0.683,2.3,57.716123771212274,57.716123771212274,4.740967309778152,0.3905113375377019,0.4047391473507727,0.38064857803937135,,0.39125899329241254,Medium,observable+small+temperate,transit: no light curve in any built split (Kepler never observed this target); gas: no spectra in the pack; O3: not modellable (no positive examples); priority from observable+small+temperate
HD 209458 b,0.788524,0.42174503,,no light curve in any built split (Kepler never observed this target),0.9981224753330508,0.9987918022968404,0.03451407080272505,,"Stage B LOPO (out-of-fold), mean over that planet's spectra; NO SKILL above a constant majority prediction at planet level (see eda/STAGE_B_RESULTS.md) - rank signal, not a detection",,15.58051,1459.0,6091.0,1.19,2.3,162.76600909403214,162.76600909403214,13.370065032724069,0.0,0.015029307887701257,0.6057818575118736,0.9987918022968404,0.38525024468485547,Medium,evidence+observable+small+temperate,"transit: no light curve in any built split (Kepler never observed this target); gas: Stage B LOPO (out-of-fold), mean over that planet's spectra; NO SKILL above a constant majority prediction at planet level (see eda/STAGE_B_RESULTS.md) - rank signal, not a detection; O3: not modellable (no positive examples); priority from evidence+observable+small+temperate"
HD 189733 b,0.66196394,0.12372194,,no light curve in any built split (Kepler never observed this target),0.9984503999479617,0.998785750140626,0.08234041170285054,,"Stage B LOPO (out-of-fold), mean over that planet's spectra; NO SKILL above a constant majority prediction at planet level (see eda/STAGE_B_RESULTS.md) - rank signal, not a detection",,12.66617,1209.0,5052.0,0.75,2.3,117.85322364952822,117.85322364952822,9.68080051406839,0.0,0.07561291893592971,0.5356707331588695,0.998785750140626,0.37936159970976846,Medium,evidence+observable+small+temperate,"transit: no light curve in any built split (Kepler never observed this target); gas: Stage B LOPO (out-of-fold), mean over that planet's spectra; NO SKILL above a constant majority prediction at planet level (see eda/STAGE_B_RESULTS.md) - rank signal, not a detection; O3: not modellable (no positive examples); priority from evidence+observable+small+temperate"
WASP-127 b,0.8036058,0.88367075,,no light curve in any built split (Kepler never observed this target),,,,,no spectra in the pack,,14.694999,1400.0,5620.0,1.333,2.3,462.87424643847567,462.87424643847567,38.02181310030336,0.0,0.022794180883612344,0.8327315090122729,,0.3193974974057312,Medium,observable+small+temperate,transit: no light curve in any built split (Kepler never observed this target); gas: no spectra in the pack; O3: not modellable (no positive examples); priority from observable+small+temperate
HAT-P-32 b,0.7927699,0.7075574,,no light curve in any built split (Kepler never observed this target),,,,,no spectra in the pack,,22.19382,1835.7,6001.0,1.367,2.3,481.53974909144017,481.53974909144017,39.55505081822544,0.0,0.0006299183934029603,0.8413160710662757,,0.3156903761477918,Low,observable+small+temperate,transit: no light curve in any built split (Kepler never observed this target); gas: no spectra in the pack; O3: not modellable (no positive examples); priority from observable+small+temperate
WASP-6 b,0.8020526,0.80060905,,no light curve in any built split (Kepler never observed this target),,,,,no spectra in the pack,,12.5428494,1167.0,5438.0,0.79,2.3,240.9188551908827,240.9188551908827,19.789763104965363,0.0,0.09546189417471519,0.690935395401638,,0.2889326152052127,Low,observable+small+temperate,transit: no light curve in any built split (Kepler never observed this target); gas: no spectra in the pack; O3: not modellable (no positive examples); priority from observable+small+temperate
WASP-31 b,0.55427533,0.3815587,,no light curve in any built split (Kepler never observed this target),,,,,no spectra in the pack,,17.363,1423.7,6302.0,1.252,2.3,303.28832455336277,303.28832455336277,24.912969516883365,0.0,0.019332981003051135,0.7409278459735875,,0.2838894988035488,Low,observable+small+temperate,transit: no light curve in any built split (Kepler never observed this target); gas: no spectra in the pack; O3: not modellable (no positive examples); priority from observable+small+temperate
55 Cnc e,0.72311205,0.15816395,,no light curve in any built split (Kepler never observed this target),,,,,no spectra in the pack,,1.875,1958.0,5172.0,0.943,2.3,17.60440797264296,17.60440797264296,1.4460763691813858,0.7398050108127482,0.00018586080957727147,0.12281071227374729,,0.27730116448463193,Low,observable+small+temperate,transit: no light curve in any built split (Kepler never observed this target); gas: no spectra in the pack; O3: not modellable (no positive examples); priority from observable+small+temperate
WASP-19 b,0.7141704,0.17444398,,no light curve in any built split (Kepler never observed this target),,,,,no spectra in the pack,,15.86070769,2113.0,5616.0,1.006,2.3,220.11406029060143,220.11406029060143,18.080797809585114,0.0,3.459580503548361e-05,0.6713238924979161,,0.25175727087579214,Low,observable+small+temperate,transit: no light curve in any built split (Kepler never observed this target); gas: no spectra in the pack; O3: not modellable (no positive examples); priority from observable+small+temperate
WASP-121 b,0.7931119,0.34395772,,no light curve in any built split (Kepler never observed this target),,,,,no spectra in the pack,,19.52604438,2409.0,6628.0,1.461,2.3,218.965501970118,218.965501970118,17.986451947545405,0.0,9.193231676417363e-07,0.6701878485520596,,0.2513207304955122,Low,observable+small+temperate,transit: no light curve in any built split (Kepler never observed this target); gas: no spectra in the pack; O3: not modellable (no positive examples); priority from observable+small+temperate
WASP-96 b,0.7172297,0.8217976,,no light curve in any built split (Kepler never observed this target),,,,,no spectra in the pack,,13.45,1285.0,5540.0,1.05,2.3,180.158292167018,180.158292167018,14.798716856576482,0.0,0.048221363740151825,0.6278271281210512,,0.2505043492141916,Low,observable+small+temperate,transit: no light curve in any built split (Kepler never observed this target); gas: no spectra in the pack; O3: not modellable (no positive examples); priority from observable+small+temperate
WASP-12 b,0.77031,0.19908455,,no light curve in any built split (Kepler never observed this target),,,,,no spectra in the pack,,22.02564708,2601.0,6265.0,1.69,2.3,201.84399554553997,201.84399554553997,16.580042491240782,0.0,6.521162248028194e-08,0.6525079172738963,,0.24469048935634313,Low,observable+small+temperate,transit: no light curve in any built split (Kepler never observed this target); gas: no spectra in the pack; O3: not modellable (no positive examples); priority from observable+small+temperate
HAT-P-41 b,0.7863974,0.76352197,,no light curve in any built split (Kepler never observed this target),,,,,no spectra in the pack,,22.97845,1941.0,6390.0,2.05,2.3,143.58637795439176,143.58637795439176,11.794595331967892,0.0,0.00022146342085134277,0.5785566201625572,,0.21702793987997496,Low,observable+small+temperate,transit: no light curve in any built split (Kepler never observed this target); gas: no spectra in the pack; O3: not modellable (no positive examples); priority from observable+small+temperate
WASP-33 b,0.76308286,0.3081426,,no light curve in any built split (Kepler never observed this target),,,,,no spectra in the pack,,17.855937,2781.7,7430.0,1.444,2.3,110.64576819840876,110.64576819840876,9.088759530583575,0.0,4.379378440235828e-09,0.5219674041916262,,0.19573777794041558,Low,observable+small+temperate,transit: no light curve in any built split (Kepler never observed this target); gas: no spectra in the pack; O3: not modellable (no positive examples); priority from observable+small+temperate
WASP-77 A b,0.79427433,0.6826395,,no light curve in any built split (Kepler never observed this target),,,,,no spectra in the pack,,13.56,1674.0,5617.0,0.91,2.3,92.28169264160552,92.28169264160552,7.580281895560452,0.0,0.0027405065593345914,0.4825577759011609,,0.18181557426272735,Low,observable+small+temperate,transit: no light curve in any built split (Kepler never observed this target); gas: no spectra in the pack; O3: not modellable (no positive examples); priority from observable+small+temperate
WASP-43 b,0.6067081,0.33449447,,no light curve in any built split (Kepler never observed this target),,,,,no spectra in the pack,,10.424,1426.7,4400.0,0.6,2.3,76.89737728306086,76.89737728306086,6.3165702768228575,0.029720819974377904,0.018929375935718397,0.44295576384793045,,0.181311597664879,Low,observable+small+temperate,transit: no light curve in any built split (Kepler never observed this target); gas: no spectra in the pack; O3: not modellable (no positive examples); priority from observable+small+temperate
KELT-9 b,0.628476,0.059933536,,no light curve in any built split (Kepler never observed this target),,,,,no spectra in the pack,,21.70058664,3921.0,9270.0,2.418,2.3,72.55854400282239,72.55854400282239,5.960166114517552,0.0,1.6042454940600538e-18,0.4303442796811724,,0.16137910488043963,Low,observable+small+temperate,transit: no light curve in any built split (Kepler never observed this target); gas: no spectra in the pack; O3: not modellable (no positive examples); priority from observable+small+temperate
HR 8799 e,,,,no light curve in any built split (Kepler never observed this target),,,,,no spectra in the pack,,13.11453,1150.0,7400.0,1.49338,2.3,3.546464111261404,3.546464111261404,0.2913166948536153,0.0,0.10457900128900145,0.0,,0.03268093790281295,Low,observable+small+temperate,transit: no light curve in any built split (Kepler never observed this target); gas: no spectra in the pack; O3: not modellable (no positive examples); priority from observable+small+temperate
HR 8799 c,,,,no light curve in any built split (Kepler never observed this target),,,,,no spectra in the pack,,13.0,1200.0,7204.58,1.49338,2.3,3.818778531637442,3.818778531637442,0.3136853793845042,0.0,0.07955950871822769,0.0,,0.02486234647444615,Low,observable+small+temperate,transit: no light curve in any built split (Kepler never observed this target); gas: no spectra in the pack; O3: not modellable (no positive examples); priority from observable+small+temperate
HR 8799 b,,,,no light curve in any built split (Kepler never observed this target),,,,,no spectra in the pack,,13.0,1200.0,7204.58,1.49338,2.3,5.728167797456164,5.728167797456164,0.4705280690767562,0.0,0.07955950871822769,0.0,,0.02486234647444615,Low,observable+small+temperate,transit: no light curve in any built split (Kepler never observed this target); gas: no spectra in the pack; O3: not modellable (no positive examples); priority from observable+small+temperate
HR 8799 d,,,,no light curve in any built split (Kepler never observed this target),,,,,no spectra in the pack,,13.0,1300.0,7204.58,1.49338,2.3,4.137010075940562,4.137010075940562,0.3398258276665461,0.0,0.04393693362340742,0.0,,0.013730291757314819,Low,observable+small+temperate,transit: no light curve in any built split (Kepler never observed this target); gas: no spectra in the pack; O3: not modellable (no positive examples); priority from observable+small+temperate
WASP-18 b,0.78188765,0.24401873,,no light curve in any built split (Kepler never observed this target),,,,,no spectra in the pack,,13.89913607,2429.0,6432.0,1.319,2.3,11.206849669867733,11.206849669867733,0.9205626514534209,0.0,7.053983734513774e-07,0.0247417731451135,,0.009278385366409264,Low,observable+small+temperate,transit: no light curve in any built split (Kepler never observed this target); gas: no spectra in the pack; O3: not modellable (no positive examples); priority from observable+small+temperate
