pl_name,tic_id,transit_ML_probability_TESS_crossmission,p_false_positive,p_candidate,p_confirmed
GJ 486 b,390651552,0.9837903,0.016209692,0.028870221,0.95492005
GJ 3470 b,19028197,0.97455525,0.025444778,0.0620983,0.9124569
GJ 1132 b,101955023,0.96032387,0.039676093,0.05821853,0.90210533
LHS 1140 b,92226327,0.945584,0.054416075,0.252042,0.693542
HAT-P-26 b,420779000,0.9413119,0.058688134,0.08492654,0.85638535
TOI-700 d,150428135,0.906712,0.09328795,0.7370193,0.16969268
WASP-127 b,169226822,0.88367075,0.11632926,0.112281024,0.7713897
TRAPPIST-1 d,278892590,0.8763613,0.12363867,0.86771446,0.008646836
TOI-700 e,150428135,0.8762228,0.12377729,0.7943726,0.08185018
WASP-107 b,429302040,0.8738891,0.12611084,0.18878195,0.6851072
Kepler-296 f,243271945,0.84973204,0.15026802,0.8473439,0.002388136
HAT-P-18 b,21744120,0.8451707,0.15482934,0.13988434,0.7052863
TRAPPIST-1 f,278892590,0.82352674,0.17647325,0.81990916,0.0036175759
WASP-96 b,160148385,0.8217976,0.1782024,0.15936747,0.6624301
TRAPPIST-1 g,278892590,0.821678,0.17832193,0.81493336,0.0067446465
WASP-6 b,204376737,0.80060905,0.19939093,0.21784844,0.58276063
K2-18 b,388804061,0.7960894,0.20391056,0.787174,0.008915444
TRAPPIST-1 e,278892590,0.7941878,0.2058122,0.7913221,0.002865682
LP 890-9 c,44898913,0.7671305,0.23286948,0.76300025,0.0041302172
HAT-P-41 b,398895470,0.76352197,0.2364781,0.13881628,0.6247057
TOI-270 d,259377017,0.76305187,0.23694816,0.7603915,0.0026604077
LHS 475 b,369327947,0.74979,0.25021002,0.7000404,0.049749598
TRAPPIST-1 b,278892590,0.734126,0.26587397,0.7324605,0.0016654546
WASP-52 b,427685831,0.729612,0.27038804,0.26254445,0.4670675
HAT-P-32 b,292152376,0.7075574,0.29244268,0.14990954,0.5576478
WASP-77 A b,1129033,0.6826395,0.31736058,0.08380776,0.5988317
WASP-80 b,243921117,0.61255753,0.38744244,0.25958517,0.35297236
WASP-39 b,181949561,0.571687,0.42831296,0.16221313,0.40947384
Kepler-62 f,164458488,0.55231833,0.4476817,0.5398335,0.012484835
HD 209458 b,420814525,0.42174503,0.578255,0.093366645,0.32837838
WASP-31 b,437248515,0.3815587,0.61844134,0.33866963,0.04288907
WASP-17 b,66818296,0.36718786,0.63281214,0.31138346,0.0558044
WASP-121 b,22529346,0.34395772,0.6560423,0.07099293,0.27296478
WASP-43 b,36734222,0.33449447,0.6655055,0.11349478,0.22099969
WASP-33 b,129979528,0.3081426,0.6918574,0.0723544,0.23578821
WASP-18 b,100100827,0.24401873,0.7559812,0.056992553,0.18702617
WASP-12 b,86396382,0.19908455,0.8009154,0.06199826,0.13708629
WASP-19 b,35516889,0.17444398,0.82555604,0.07761328,0.096830696
55 Cnc e,332064670,0.15816395,0.84183604,0.10127109,0.056892853
HD 189733 b,256364928,0.12372194,0.87627816,0.069379985,0.05434196
KELT-9 b,16740101,0.059933536,0.94006646,0.042928718,0.017004816
