pl_name,tic_id,transit_ML_probability_TESS,p_false_positive,p_candidate,p_confirmed
GJ 1132 b,101955023,0.8729532,0.1270468,0.43989918,0.43305403
GJ 486 b,390651552,0.85345364,0.14654638,0.48292738,0.37052622
HAT-P-26 b,420779000,0.8332701,0.16672988,0.46555007,0.36772004
GJ 3470 b,19028197,0.8272535,0.17274652,0.2637201,0.5635334
LHS 1140 b,92226327,0.82032776,0.17967215,0.4727938,0.347534
HAT-P-18 b,21744120,0.8104935,0.18950649,0.27216148,0.53833205
WASP-107 b,429302040,0.8094195,0.19058049,0.25695428,0.5524652
WASP-127 b,169226822,0.8036058,0.1963942,0.23260571,0.5710001
WASP-6 b,204376737,0.8020526,0.1979474,0.23730774,0.5647449
WASP-77 A b,1129033,0.79427433,0.20572573,0.22809094,0.5661834
WASP-121 b,22529346,0.7931119,0.2068881,0.22872332,0.56438863
HAT-P-32 b,292152376,0.7927699,0.2072301,0.23204055,0.5607293
WASP-80 b,243921117,0.788527,0.211473,0.24333546,0.5451915
HD 209458 b,420814525,0.788524,0.21147606,0.22688527,0.5616387
HAT-P-41 b,398895470,0.7863974,0.2136026,0.25013423,0.53626317
WASP-18 b,100100827,0.78188765,0.21811233,0.23122042,0.5506672
TOI-700 d,150428135,0.7795654,0.22043458,0.5375791,0.24198627
WASP-12 b,86396382,0.77031,0.22969005,0.23310609,0.5372039
WASP-33 b,129979528,0.76308286,0.23691715,0.24564001,0.5174428
WASP-39 b,181949561,0.7463075,0.25369254,0.26873693,0.47757056
WASP-52 b,427685831,0.7280635,0.27193648,0.24208812,0.4859754
55 Cnc e,332064670,0.72311205,0.27688798,0.26095188,0.46216017
K2-18 b,388804061,0.7226225,0.27737743,0.5346396,0.18798295
WASP-96 b,160148385,0.7172297,0.28277034,0.25387257,0.46335712
TOI-700 e,150428135,0.71424305,0.28575695,0.52312845,0.1911146
WASP-19 b,35516889,0.7141704,0.2858297,0.234791,0.4793794
WASP-17 b,66818296,0.6706413,0.32935864,0.23945656,0.43118477
HD 189733 b,256364928,0.66196394,0.33803603,0.22826746,0.4336965
KELT-9 b,16740101,0.628476,0.37152398,0.259719,0.36875698
WASP-43 b,36734222,0.6067081,0.39329186,0.22672914,0.37997895
Kepler-296 f,243271945,0.5835544,0.41644555,0.4722474,0.11130701
TRAPPIST-1 f,278892590,0.5755734,0.4244267,0.4627716,0.112801775
LP 890-9 c,44898913,0.56342137,0.4365786,0.46042883,0.102992535
TRAPPIST-1 d,278892590,0.55452925,0.44547075,0.44121504,0.11331423
WASP-31 b,437248515,0.55427533,0.44572467,0.23078121,0.32349414
TRAPPIST-1 e,278892590,0.53863394,0.46136603,0.43362892,0.105005
TOI-270 d,259377017,0.52586466,0.47413528,0.4300408,0.09582383
TRAPPIST-1 g,278892590,0.52057964,0.47942036,0.4273547,0.093224965
TRAPPIST-1 b,278892590,0.48135203,0.518648,0.39895985,0.08239218
Kepler-62 f,164458488,0.47406685,0.52593315,0.34609315,0.12797372
LHS 475 b,369327947,0.45604432,0.5439557,0.32329753,0.1327468
