feature,importance,std
local_floor,0.039359267734553824,0.010893025387104743
oot_mad,0.0372997711670481,0.009831831148256668
secondary_sig,0.027002288329519473,0.00649659934397179
duration_frac,0.02494279176201377,0.012542049982649642
transit_asymmetry,0.020366132723112162,0.005940848963728681
wing_level,0.015560640732265485,0.004832657226989204
wing_scatter,0.014416475972540099,0.004317611502085393
local_snr,0.005949656750572107,0.00644805620302307
local_depth,-0.00022883295194504606,0.0028397422530871325
quadrature_sig,-0.0038901601830663157,0.004723058910881035
global_scatter,-0.009839816933638423,0.008488437982147077
v_shape,-0.015560640732265419,0.004437235567429157
