pl_name,pl_eqt,pl_rade,pl_bmasse,st_rad,st_teff,tic_id,pl_orbper,pl_tranmid,pl_trandur,pl_orbpererr1,pl_tranmiderr1,pl_bmasselim,pl_bmassprov,pl_trandep,pl_ratror,st_spectype
51 Eri b,807.0,,3464.3296363,1.45,7422.0,TIC 298810162,9100.0,,,1100.0,,1.0,Mass,,,F0 IV
55 Cnc e,1958.0,1.875,7.99,0.943,5172.0,TIC 332064670,0.7365474,2457063.2096,1.5439,1.3e-06,0.0006,0.0,Mass,0.03846733,0.0182,G8 V
GJ 1002 b,230.9,1.03,1.08,0.137,3024.0,TIC 176287658,10.3465,2458583.27,,0.027,0.22,0.0,Msini,,,M5.5 V
GJ 1061 d,242.03,1.16,1.67,0.156,2953.0,TIC 79611981,13.066,,,0.002,,0.0,Mass,,,M5.5 V
GJ 1132 b,583.8,1.19151465,1.83704819,0.2211,3229.0,TIC 101955023,1.62892911,2459280.98988,0.76646,2.9e-07,0.00013,0.0,Mass,0.2443,0.04943,M4.5 V
GJ 1132 c,300.0,1.52,2.91,0.226,3090.0,TIC 101955023,8.929,2457505.94,,0.0008,0.15,0.0,Msini,,,M4.5 V
GJ 1214 b,567.0,2.733,8.41,0.2162,3101.0,TIC 467929202,1.580404531,2459639.7812619,0.86966,1.8e-08,9e-06,0.0,Mass,1.343,0.11589,M4 V
GJ 251 c,216.0,1.8,3.88,0.36,3342.0,TIC 68581262,53.647,2458922.0,,0.044,1.4,0.0,Msini,,,M3.0 V
GJ 341 b,629.0,0.88,4.0,0.5066,3770.0,TIC 359271092,7.57686,2459301.771,2.23,3.4e-05,0.002,1.0,Mass,0.0289,0.016,M1
GJ 3470 b,593.5,4.57,13.9,0.547,3600.0,TIC 19028197,3.3366496,2455983.70421,1.8984,3.9e-06,,0.0,Mass,0.67658704,0.07642,M1.5
GJ 486 b,696.3,1.289,2.77,0.3243,3317.0,TIC 390651552,1.46712127,2459939.071602,1.0158,3.1e-07,1e-05,0.0,Mass,0.13871,0.037244,M3.5 V
HAT-P-11 b,838.0,4.36,25.0,0.683,4653.0,TIC 28230919,4.888,2454957.8132067,2.35562,0.0001,5.3e-06,0.0,Mass,0.43421,0.057989,K4
HAT-P-18 b,841.0,10.70457657,55.5246227,0.717,4870.0,TIC 21744120,5.5080291,2454715.0225,2.7144,3e-07,0.00019,0.0,Mass,2.15847573,0.1344,K2
HAT-P-26 b,1080.0,7.06167,22.2481,0.87,5079.0,TIC 420779000,4.23452,2456901.059458,2.4552,1.5e-05,9.4e-05,0.0,Mass,0.54,0.0732,K1
HAT-P-32 b,1835.7,22.19382,216.1244,1.367,6001.0,TIC 292152376,2.1500082,2455867.402743,3.12048,1.3e-07,4.9e-05,0.0,Mass,2.216,0.14886,
HAT-P-41 b,1941.0,22.97845,378.2177,2.05,6390.0,TIC 398895470,2.69405,2458071.24389,3.6552,4e-06,0.00012,0.0,Mass,1.1,0.1049,
HD 189733 b,1209.0,12.66617,359.1479,0.75,5052.0,TIC 256364928,2.21857567,2453955.5255511,1.8233621,1.5e-07,8.8e-06,0.0,Mass,2.4,0.15534,K2 V
HD 209458 b,1459.0,15.58051,232.0159,1.19,6091.0,TIC 420814525,3.52474859,2451659.93742,3.072,3.8e-07,2e-05,0.0,Mass,1.5,0.12086,G0 V
HR 8799 b,1200.0,13.0,2000.0,1.49338,7204.58,TIC 245368902,170000.0,,,,,0.0,Mass,,,A5 V
HR 8799 c,1200.0,13.0,3000.0,1.49338,7204.58,TIC 245368902,69000.0,,,,,0.0,Mass,,,A5 V
HR 8799 d,1300.0,13.0,3000.0,1.49338,7204.58,TIC 245368902,37000.0,,,,,0.0,Mass,,,A5 V
HR 8799 e,1150.0,13.11453,3178.3,1.49338,7400.0,TIC 245368902,20815.6,,,1128.62,,0.0,Mass,,,A5
K2-18 b,284.0,2.37,8.92,0.411,3457.0,TIC 388804061,32.939623,2457264.39144,2.682,9.5e-05,0.00065,0.0,Mass,0.3098,0.05375,M2.5 V
KELT-9 b,3921.0,21.70058664,915.34581216,2.418,9270.0,TIC 16740101,1.4811235,2457095.68572,4.1588291,1.1e-06,0.00014,0.0,Mass,0.67885145,0.08228,A
Kepler-296 f,274.0,1.8,3.89,0.48,3740.0,TIC 243271945,63.33627,2454995.6069,3.6,0.0006,0.0071,0.0,M-R relationship,0.0983,0.0344,M2 V
Kepler-62 f,208.0,1.41,35.0,0.64,4925.0,TIC 164458488,267.291,2455422.71,7.46,0.005,0.006,1.0,Mass,0.042,0.0203,K2 V
L 98-59 c,526.0,1.329,2.0,0.3155,3415.0,TIC 307210830,3.6906764,2458367.27303,1.28,4e-07,0.00015,0.0,Mass,0.1486,0.0396,M3 V
L 98-59 d,416.0,1.627,1.64,0.3155,3415.0,TIC 307210830,7.450729,2458362.74002,0.84,2e-06,0.00025,0.0,Mass,0.1445,0.046,M3 V
L 98-59 f,285.0,1.48,2.8,0.3155,3415.0,TIC 307210830,23.064,2458437.84,,0.055,0.75,0.0,Msini,,,M3 V
LHS 1140 b,226.0,1.73,5.6,0.2159,3096.0,TIC 92226327,24.73723,2458399.93,2.15,2e-05,0.0003,0.0,Mass,0.538,0.0739,M4.5 V
LHS 1140 c,422.0,1.272,1.91,0.2159,3096.0,TIC 92226327,3.77794,2458389.2939,1.13,2e-06,0.0002,0.0,Mass,0.29,0.05486,M4.5 V
LHS 475 b,586.0,0.991,0.941,0.2789,3300.0,TIC 369327947,2.029088,2459822.3762593,0.725,6e-06,2.62e-05,0.0,M-R relationship,0.1101,0.03257,M3.5 V
LP 890-9 c,272.0,1.367,25.3,0.1556,2850.0,TIC 44898913,8.457463,2459520.70598,0.9593,2.4e-05,0.00031,1.0,Mass,0.6659,,M6 V
TOI-270 d,383.0,2.0,4.2,0.38,3506.0,TIC 259377017,11.38194,2458469.33823,2.117,0.00011,0.00032,0.0,Mass,0.2645,0.0491,M3 V
TOI-700 d,268.8,1.073,1.25,0.421,3459.0,TIC 150428135,37.42396,2458816.9952,3.314,0.00039,0.0011,0.0,M-R relationship,0.0613,0.02339,M2.5 V
TOI-700 e,272.9,0.953,0.818,0.421,3459.0,TIC 150428135,27.80978,2458964.8112,2.777,0.00046,0.0058,0.0,M-R relationship,0.04068233,0.0208,M2.5 V
TOI-836 b,871.0,1.704,4.53,0.665,4552.0,TIC 440887364,3.81673,2458599.9953,1.805,1e-05,0.0019,0.0,Mass,0.058,0.0235,K V
TRAPPIST-1 b,397.6,1.116,1.374,0.1192,2566.0,TIC 278892590,1.510826,2457322.514193,0.601,6e-06,3e-06,0.0,Mass,0.7378,0.0859,M8.0 V
TRAPPIST-1 c,339.7,1.097,1.308,0.1192,2566.0,TIC 278892590,2.421937,2457282.8113871,0.7005,1.8e-05,3.8e-06,0.0,Mass,0.7123,0.0844,M8.0 V
TRAPPIST-1 d,286.2,0.788,0.388,0.1192,2566.0,TIC 278892590,4.049219,2457670.1463014,0.8145,2.6e-05,1.84e-05,0.0,Mass,0.3676,0.06063,M8.0 V
TRAPPIST-1 e,249.7,0.92,0.692,0.1192,2566.0,TIC 278892590,6.101013,2457660.3676621,0.9293,3.5e-05,1.43e-05,0.0,Mass,0.5012,0.07079,M8.0 V
TRAPPIST-1 f,217.7,1.045,1.039,0.1192,2566.0,TIC 278892590,9.20754,2457671.3737299,1.048,3.2e-05,1.57e-05,0.0,Mass,0.6465,0.0804,M8.0 V
TRAPPIST-1 g,197.3,1.129,1.321,0.1192,2566.0,TIC 278892590,12.352446,2457665.3628439,1.137,5.4e-05,2.06e-05,0.0,Mass,0.7555,0.08692,M8.0 V
TRAPPIST-1 h,171.7,0.755,0.326,0.1192,2566.0,TIC 278892590,18.772866,2457662.5741486,1.269,0.000214,9.13e-05,0.0,Mass,0.3375,0.05809,M8.0 V
WASP-107 b,736.0,10.48039695,33.02237149,0.657,4425.0,TIC 429302040,5.7214875,2457584.329899,2.73864,3e-07,3.1e-05,0.0,Mass,2.5549,0.1462,K6
WASP-12 b,2601.0,22.02564708,467.2101,1.69,6265.0,TIC 86396382,1.091418901,2457607.519305,3.001,1.8e-08,3.2e-05,0.0,Mass,1.53777921,0.117,
WASP-121 b,2409.0,19.52604438,371.85923619,1.461,6628.0,TIC 22529346,1.27492504,2460245.02038,2.9053,1.5e-07,1.5e-05,0.0,Mass,1.5018,0.122551,F6 V
WASP-127 b,1400.0,14.694999,52.346601,1.333,5620.0,TIC 169226822,4.17806203,2456776.62124,4.35288,8.8e-07,0.00023,0.0,Mass,1.021,0.10103,
WASP-17 b,1755.0,20.96083,247.9074,1.49,6550.0,TIC 66818296,3.73543,2454592.80154,4.4232,8e-06,5e-05,0.0,Mass,1.7,0.12472,F4
WASP-18 b,2429.0,13.89913607,3241.8497514,1.319,6432.0,TIC 100100827,0.94145223,2456740.8056,2.21,2.4e-07,0.00019,0.0,Mass,1.041,0.1018,F6 IV-V
WASP-19 b,2113.0,15.86070769,366.77398168,1.006,5616.0,TIC 35516889,0.78883852,2456402.7128,1.607,7.5e-07,0.0017,0.0,Mass,2.077,0.1441,G8 V
WASP-31 b,1423.7,17.363,151.916,1.252,6302.0,TIC 437248515,3.4059096,2455192.6887,2.6472,5e-06,0.0003,0.0,Mass,1.615,0.1271,
WASP-33 b,2781.7,17.855937,665.21819,1.444,7430.0,TIC 129979528,1.21987,2459883.198788,2.8536,1e-06,0.00020759,0.0,Mass,1.21601096,0.1118,A
WASP-39 b,1166.0,14.336311,89.31023,0.939,5485.0,TIC 181949561,4.0552941,2455342.96913,2.8032,3.4e-06,0.00063,0.0,Mass,2.34348052,0.1457,
WASP-43 b,1426.7,10.424,565.714,0.6,4400.0,TIC 36734222,0.813475,2455528.86774,1.1592,1e-06,0.00014,0.0,Mass,2.55,0.1594,K7 V
WASP-52 b,1315.0,14.24,146.2,0.79,5000.0,TIC 427685831,1.7497798,2455793.68143,1.8096,1.2e-06,9e-05,0.0,Mass,2.71,0.1646,K2 V
WASP-6 b,1167.0,12.5428494,148.42586607,0.79,5438.0,TIC 204376737,3.3610026,2454596.4326,2.5685869,6.1e-07,0.000762,0.0,Mass,2.40817811,0.1446,
WASP-77 A b,1674.0,13.56,529.31142902,0.91,5617.0,TIC 1129033,1.360029395,2459957.33786,2.1652751,5.7e-08,4.3e-05,0.0,Mass,1.94276945,0.117026,G8 V
WASP-80 b,825.0,11.197791,170.99254,0.586,4143.0,TIC 243921117,3.06785234,2456487.425006,2.131,8.3e-07,2.3e-05,0.0,Mass,2.937,0.17137,K7-M0 V
WASP-96 b,1285.0,13.45,152.55,1.05,5540.0,TIC 160148385,3.4252602,2456258.0621,2.4264,2.7e-06,0.0002,0.0,Mass,1.38,0.11986,G8
