fold,planet,spectrum,molecule,label,label_known,gbm_prob,cnn_prob,baseline_prob,train_single_class,train_pos_rate
GJ 3470 b,GJ 3470 b,GJ_3470_b_Transmission_GJ_3470_b_3.11524_5498_1.tbl,H2O,1.0,True,0.9985260409430164,0.3401999719730679,1.0,False,0.779491133384734
GJ 3470 b,GJ 3470 b,GJ_3470_b_Transmission_GJ_3470_b_3.11524_5498_2.tbl,H2O,,False,0.9933836619177365,0.6904376326216766,1.0,False,0.779491133384734
GJ 3470 b,GJ 3470 b,GJ_3470_b_Transmission_GJ_3470_b_3.11524_5498_4.tbl,H2O,,False,0.9962913072104168,0.6937202816321602,1.0,False,0.779491133384734
GJ 3470 b,GJ 3470 b,GJ_3470_b_Transmission_GJ_3470_b_3.11524_5498_1.tbl,CH4,1.0,True,0.9940060851612219,0.9141223564024075,0.0,False,0.4682464454976304
GJ 3470 b,GJ 3470 b,GJ_3470_b_Transmission_GJ_3470_b_3.11524_5498_2.tbl,CH4,,False,0.231509359373246,0.9696340290315983,0.0,False,0.4682464454976304
GJ 3470 b,GJ 3470 b,GJ_3470_b_Transmission_GJ_3470_b_3.11524_5498_4.tbl,CH4,,False,0.3562967516864167,0.9885289017046357,0.0,False,0.4682464454976304
GJ 3470 b,GJ 3470 b,GJ_3470_b_Transmission_GJ_3470_b_3.11524_5498_1.tbl,CO2,,False,0.9971679416213439,0.23969519275657294,1.0,False,0.8369441277080958
GJ 3470 b,GJ 3470 b,GJ_3470_b_Transmission_GJ_3470_b_3.11524_5498_2.tbl,CO2,1.0,True,0.9971780377442697,0.5328637137312147,1.0,False,0.8369441277080958
GJ 3470 b,GJ 3470 b,GJ_3470_b_Transmission_GJ_3470_b_3.11524_5498_4.tbl,CO2,,False,0.9989682634562673,0.5142168066968421,1.0,False,0.8369441277080958
GJ 3470 b,GJ 3470 b,GJ_3470_b_Transmission_GJ_3470_b_3.11524_5498_1.tbl,SO2,,False,0.029545011376377817,0.3991726104132989,1.0,False,0.664319248826291
GJ 3470 b,GJ 3470 b,GJ_3470_b_Transmission_GJ_3470_b_3.11524_5498_2.tbl,SO2,1.0,True,0.09143270593884827,0.8477306682846546,1.0,False,0.664319248826291
GJ 3470 b,GJ 3470 b,GJ_3470_b_Transmission_GJ_3470_b_3.11524_5498_4.tbl,SO2,,False,0.04521275796419344,0.970301588405363,1.0,False,0.664319248826291
GJ 3470 b,GJ 3470 b,GJ_3470_b_Transmission_GJ_3470_b_3.11524_5498_1.tbl,CO,,False,0.9972446375728385,0.40578179167814804,1.0,False,0.7298828862863618
GJ 3470 b,GJ 3470 b,GJ_3470_b_Transmission_GJ_3470_b_3.11524_5498_2.tbl,CO,,False,0.9963539285257528,0.8337512701647829,1.0,False,0.7298828862863618
GJ 3470 b,GJ 3470 b,GJ_3470_b_Transmission_GJ_3470_b_3.11524_5498_4.tbl,CO,,False,0.9977791080184901,0.9022788040903655,1.0,False,0.7298828862863618
HAT-P-18 b,HAT-P-18 b,HAT-P-18_b_Transmission_HAT_P_18_b_3.11001_5041_1.tbl,H2O,1.0,True,0.8408655131575383,0.942517939230035,1.0,False,0.7619972260748961
HAT-P-18 b,HAT-P-18 b,HAT-P-18_b_Transmission_HAT_P_18_b_3.11001_5431_1.tbl,H2O,1.0,True,0.9970652922624502,0.9664714478261648,1.0,False,0.7619972260748961
HAT-P-18 b,HAT-P-18 b,HAT-P-18_b_Transmission_HAT_P_18_b_3.11001_5431_2.tbl,H2O,1.0,True,0.9969667392091993,0.9714566911602815,1.0,False,0.7619972260748961
HAT-P-18 b,HAT-P-18 b,HAT-P-18_b_Transmission_HAT_P_18_b_3.11001_5041_1.tbl,CH4,,False,0.12601858123781265,0.4379665891935807,0.0,False,0.4912333736396614
HAT-P-18 b,HAT-P-18 b,HAT-P-18_b_Transmission_HAT_P_18_b_3.11001_5431_1.tbl,CH4,,False,0.1010299470469706,0.5976176862607531,0.0,False,0.4912333736396614
HAT-P-18 b,HAT-P-18 b,HAT-P-18_b_Transmission_HAT_P_18_b_3.11001_5431_2.tbl,CH4,,False,0.13047382417345765,0.48915365001450795,0.0,False,0.4912333736396614
HAT-P-18 b,HAT-P-18 b,HAT-P-18_b_Transmission_HAT_P_18_b_3.11001_5041_1.tbl,CO2,1.0,True,0.6871767657930827,0.896464297110686,1.0,False,0.8170575692963753
HAT-P-18 b,HAT-P-18 b,HAT-P-18_b_Transmission_HAT_P_18_b_3.11001_5431_1.tbl,CO2,1.0,True,0.9151027347389347,0.9312748766808985,1.0,False,0.8170575692963753
HAT-P-18 b,HAT-P-18 b,HAT-P-18_b_Transmission_HAT_P_18_b_3.11001_5431_2.tbl,CO2,1.0,True,0.8736012524273306,0.9343223867039535,1.0,False,0.8170575692963753
HAT-P-18 b,HAT-P-18 b,HAT-P-18_b_Transmission_HAT_P_18_b_3.11001_5041_1.tbl,SO2,,False,0.06386349585960338,0.6530686115320599,1.0,False,0.6980999296270232
HAT-P-18 b,HAT-P-18 b,HAT-P-18_b_Transmission_HAT_P_18_b_3.11001_5431_1.tbl,SO2,,False,0.04071878349737705,0.7915082664951181,1.0,False,0.6980999296270232
HAT-P-18 b,HAT-P-18 b,HAT-P-18_b_Transmission_HAT_P_18_b_3.11001_5431_2.tbl,SO2,,False,0.04071878349737705,0.7968132724753874,1.0,False,0.6980999296270232
HAT-P-18 b,HAT-P-18 b,HAT-P-18_b_Transmission_HAT_P_18_b_3.11001_5041_1.tbl,CO,,False,0.9956875305370275,0.8794726433563136,1.0,False,0.7298828862863618
HAT-P-18 b,HAT-P-18 b,HAT-P-18_b_Transmission_HAT_P_18_b_3.11001_5431_1.tbl,CO,,False,0.9957444565171396,0.9331163064757247,1.0,False,0.7298828862863618
HAT-P-18 b,HAT-P-18 b,HAT-P-18_b_Transmission_HAT_P_18_b_3.11001_5431_2.tbl,CO,,False,0.9957444565171396,0.9377551307658438,1.0,False,0.7298828862863618
HAT-P-26 b,HAT-P-26 b,HAT-P-26_b_Transmission_HAT_P_26_b_3.11010_5775_1.tbl,H2O,1.0,True,0.9835036510243027,0.9976233080313726,1.0,False,0.7619972260748958
HAT-P-26 b,HAT-P-26 b,HAT-P-26_b_Transmission_HAT_P_26_b_3.11010_5775_2.tbl,H2O,1.0,True,0.9658013491712691,0.9956891048134786,1.0,False,0.7619972260748958
HAT-P-26 b,HAT-P-26 b,HAT-P-26_b_Transmission_HAT_P_26_b_3.11010_5775_1.tbl,CH4,,False,0.5673811857626316,0.4611582692526091,0.0,False,0.4912333736396614
HAT-P-26 b,HAT-P-26 b,HAT-P-26_b_Transmission_HAT_P_26_b_3.11010_5775_2.tbl,CH4,,False,0.2627649473067207,0.6259460065269975,0.0,False,0.4912333736396614
HAT-P-26 b,HAT-P-26 b,HAT-P-26_b_Transmission_HAT_P_26_b_3.11010_5775_1.tbl,CO2,1.0,True,0.9873246868555544,0.9964429632180956,1.0,False,0.8170575692963753
HAT-P-26 b,HAT-P-26 b,HAT-P-26_b_Transmission_HAT_P_26_b_3.11010_5775_2.tbl,CO2,1.0,True,0.9975882258942222,0.9915457095744205,1.0,False,0.8170575692963753
HAT-P-26 b,HAT-P-26 b,HAT-P-26_b_Transmission_HAT_P_26_b_3.11010_5775_1.tbl,SO2,1.0,True,0.9962383437456046,0.6947792794904297,1.0,False,0.5675403225806451
HAT-P-26 b,HAT-P-26 b,HAT-P-26_b_Transmission_HAT_P_26_b_3.11010_5775_2.tbl,SO2,1.0,True,0.9968705574894208,0.64482135482913,1.0,False,0.5675403225806451
HAT-P-26 b,HAT-P-26 b,HAT-P-26_b_Transmission_HAT_P_26_b_3.11010_5775_1.tbl,CO,,False,0.9944110219451158,0.9917210870770685,1.0,False,0.7298828862863618
HAT-P-26 b,HAT-P-26 b,HAT-P-26_b_Transmission_HAT_P_26_b_3.11010_5775_2.tbl,CO,,False,0.9971831182312404,0.984218683152714,1.0,False,0.7298828862863618
HD 189733 b,HD 189733 b,HD_189733_b_Transmission_HD_189733_b_3.11185_5430_1.tbl,H2O,1.0,True,0.9984472637150814,0.9512635242626528,1.0,False,0.7619972260748961
HD 189733 b,HD 189733 b,HD_189733_b_Transmission_HD_189733_b_3.11185_5532_1.tbl,H2O,1.0,True,0.9984535361808419,0.7480253473397555,1.0,False,0.7619972260748961
HD 189733 b,HD 189733 b,HD_189733_b_Transmission_HD_189733_b_3.11185_5430_1.tbl,CH4,0.0,True,0.00917476924332276,0.32843009105406296,1.0,False,0.5644320944772491
HD 189733 b,HD 189733 b,HD_189733_b_Transmission_HD_189733_b_3.11185_5532_1.tbl,CH4,0.0,True,0.15550605416237842,0.9981212738268055,1.0,False,0.5644320944772491
HD 189733 b,HD 189733 b,HD_189733_b_Transmission_HD_189733_b_3.11185_5430_1.tbl,CO2,1.0,True,0.9987857501406261,0.92998851627882,1.0,False,0.8170575692963753
HD 189733 b,HD 189733 b,HD_189733_b_Transmission_HD_189733_b_3.11185_5532_1.tbl,CO2,1.0,True,0.9987857501406261,0.50543699606534,1.0,False,0.8170575692963753
HD 189733 b,HD 189733 b,HD_189733_b_Transmission_HD_189733_b_3.11185_5430_1.tbl,SO2,,False,0.029113211317423428,0.11807906200236083,1.0,False,0.6980999296270232
HD 189733 b,HD 189733 b,HD_189733_b_Transmission_HD_189733_b_3.11185_5532_1.tbl,SO2,,False,0.0350677683392122,0.9573052170413456,1.0,False,0.6980999296270232
HD 189733 b,HD 189733 b,HD_189733_b_Transmission_HD_189733_b_3.11185_5430_1.tbl,CO,1.0,True,0.9973771432166701,0.06598784006132828,1.0,False,0.6003353828954723
HD 189733 b,HD 189733 b,HD_189733_b_Transmission_HD_189733_b_3.11185_5532_1.tbl,CO,1.0,True,0.9973764112390028,0.3658630063585789,1.0,False,0.6003353828954723
HD 209458 b,HD 209458 b,HD_209458_b_Transmission_HD_209458_b_3.11218_5413_50.tbl,H2O,1.0,True,0.9981224753330507,0.8753830940998307,1.0,False,0.7619972260748961
HD 209458 b,HD 209458 b,HD_209458_b_Transmission_HD_209458_b_3.11218_5413_51.tbl,H2O,1.0,True,0.9981224753330507,0.9129072332931215,1.0,False,0.7619972260748961
HD 209458 b,HD 209458 b,HD_209458_b_Transmission_HD_209458_b_3.11218_5413_50.tbl,CH4,0.0,True,0.05444853797216026,0.3989755431685782,1.0,False,0.5644320944772491
HD 209458 b,HD 209458 b,HD_209458_b_Transmission_HD_209458_b_3.11218_5413_51.tbl,CH4,0.0,True,0.014579603633289922,0.35632538846525647,1.0,False,0.5644320944772491
HD 209458 b,HD 209458 b,HD_209458_b_Transmission_HD_209458_b_3.11218_5413_50.tbl,CO2,1.0,True,0.9987918022968405,0.8656328327591901,1.0,False,0.8170575692963753
HD 209458 b,HD 209458 b,HD_209458_b_Transmission_HD_209458_b_3.11218_5413_51.tbl,CO2,1.0,True,0.9987918022968405,0.905530515613707,1.0,False,0.8170575692963753
HD 209458 b,HD 209458 b,HD_209458_b_Transmission_HD_209458_b_3.11218_5413_50.tbl,SO2,0.0,True,1.0,0.9999041608322699,1.0,True,1.0
HD 209458 b,HD 209458 b,HD_209458_b_Transmission_HD_209458_b_3.11218_5413_51.tbl,SO2,0.0,True,1.0,0.9999118528936106,1.0,True,1.0
HD 209458 b,HD 209458 b,HD_209458_b_Transmission_HD_209458_b_3.11218_5413_50.tbl,CO,,False,0.9969647942502928,0.7571661322292123,1.0,False,0.7298828862863618
HD 209458 b,HD 209458 b,HD_209458_b_Transmission_HD_209458_b_3.11218_5413_51.tbl,CO,,False,0.9942554931918234,0.8219491967675254,1.0,False,0.7298828862863618
K2-18 b,K2-18 b,K2-18_b_Transmission_K2_18_b_3.11793_5255_1.tbl,H2O,0.0,True,0.9992036591150844,0.9985149063787808,1.0,False,0.8809986130374481
K2-18 b,K2-18 b,K2-18_b_Transmission_K2_18_b_3.11793_5255_2.tbl,H2O,0.0,True,0.9992052034338473,0.9781238650747562,1.0,False,0.8809986130374481
K2-18 b,K2-18 b,K2-18_b_Transmission_K2_18_b_3.11793_5255_1.tbl,CH4,1.0,True,0.9911316146196195,0.8996377520145038,0.0,False,0.41542202153525526
K2-18 b,K2-18 b,K2-18_b_Transmission_K2_18_b_3.11793_5255_2.tbl,CH4,1.0,True,0.1128104153338146,0.7676811856222889,0.0,False,0.41542202153525526
K2-18 b,K2-18 b,K2-18_b_Transmission_K2_18_b_3.11793_5255_1.tbl,CO2,0.0,True,1.0,0.9998340828286129,1.0,True,1.0
K2-18 b,K2-18 b,K2-18_b_Transmission_K2_18_b_3.11793_5255_2.tbl,CO2,0.0,True,1.0,0.9990258804165583,1.0,True,1.0
K2-18 b,K2-18 b,K2-18_b_Transmission_K2_18_b_3.11793_5255_1.tbl,SO2,,False,0.9912026511106402,0.6742160948373318,1.0,False,0.6980999296270232
K2-18 b,K2-18 b,K2-18_b_Transmission_K2_18_b_3.11793_5255_2.tbl,SO2,,False,0.06386349585960338,0.5128711665690502,1.0,False,0.6980999296270232
K2-18 b,K2-18 b,K2-18_b_Transmission_K2_18_b_3.11793_5255_1.tbl,CO,0.0,True,0.9991372277955972,0.9957982781472099,1.0,False,0.8710550045085662
K2-18 b,K2-18 b,K2-18_b_Transmission_K2_18_b_3.11793_5255_2.tbl,CO,,False,0.9932200556597944,0.9629013740178713,1.0,False,0.8710550045085662
TOI-270 d,TOI-270 d,TOI-270_d_Transmission_TOI_270_d_3.12406_5800_1.tbl,H2O,,False,0.1363801018608376,0.5256057138165079,1.0,False,0.7873078829945462
TOI-270 d,TOI-270 d,TOI-270_d_Transmission_TOI_270_d_3.12406_5800_2.tbl,H2O,,False,0.9481399687105012,0.4872834889559737,1.0,False,0.7873078829945462
TOI-270 d,TOI-270 d,TOI-270_d_Transmission_TOI_270_d_3.12406_5949_1.tbl,H2O,,False,0.9841831624007972,0.6852723229178832,1.0,False,0.7873078829945462
TOI-270 d,TOI-270 d,TOI-270_d_Transmission_TOI_270_d_3.12406_5949_2.tbl,H2O,,False,0.959122354229059,0.4423144035552475,1.0,False,0.7873078829945462
TOI-270 d,TOI-270 d,TOI-270_d_Transmission_TOI_270_d_3.12406_5949_3.tbl,H2O,,False,0.9747485544991181,0.6844336731827255,1.0,False,0.7873078829945462
TOI-270 d,TOI-270 d,TOI-270_d_Transmission_TOI_270_d_3.12406_5949_4.tbl,H2O,,False,0.975828650068811,0.41350444148518317,1.0,False,0.7873078829945462
TOI-270 d,TOI-270 d,TOI-270_d_Transmission_TOI_270_d_3.12406_5949_5.tbl,H2O,,False,0.9941364056532259,0.6847818642920394,1.0,False,0.7873078829945462
TOI-270 d,TOI-270 d,TOI-270_d_Transmission_TOI_270_d_3.12406_5949_6.tbl,H2O,,False,0.9929970837814893,0.40039275813893294,1.0,False,0.7873078829945462
TOI-270 d,TOI-270 d,TOI-270_d_Transmission_TOI_270_d_3.12406_5800_1.tbl,CH4,1.0,True,0.9367812171178331,0.9502802046533481,0.0,False,0.4154220215352553
TOI-270 d,TOI-270 d,TOI-270_d_Transmission_TOI_270_d_3.12406_5800_2.tbl,CH4,1.0,True,0.9914065033609811,0.7252223978081098,0.0,False,0.4154220215352553
TOI-270 d,TOI-270 d,TOI-270_d_Transmission_TOI_270_d_3.12406_5949_1.tbl,CH4,1.0,True,0.958005993974266,0.23395368615673248,0.0,False,0.4154220215352553
TOI-270 d,TOI-270 d,TOI-270_d_Transmission_TOI_270_d_3.12406_5949_2.tbl,CH4,1.0,True,0.9914065033609811,0.7515867277018137,0.0,False,0.4154220215352553
TOI-270 d,TOI-270 d,TOI-270_d_Transmission_TOI_270_d_3.12406_5949_3.tbl,CH4,1.0,True,0.958005993974266,0.22004175642283358,0.0,False,0.4154220215352553
TOI-270 d,TOI-270 d,TOI-270_d_Transmission_TOI_270_d_3.12406_5949_4.tbl,CH4,1.0,True,0.9914065033609811,0.769895983558569,0.0,False,0.4154220215352553
TOI-270 d,TOI-270 d,TOI-270_d_Transmission_TOI_270_d_3.12406_5949_5.tbl,CH4,1.0,True,0.958005993974266,0.23036442474499003,0.0,False,0.4154220215352553
TOI-270 d,TOI-270 d,TOI-270_d_Transmission_TOI_270_d_3.12406_5949_6.tbl,CH4,1.0,True,0.9914065033609811,0.7775635846857685,0.0,False,0.4154220215352553
TOI-270 d,TOI-270 d,TOI-270_d_Transmission_TOI_270_d_3.12406_5800_1.tbl,CO2,,False,0.6342280644965673,0.262545503703334,1.0,False,0.84534967555876
TOI-270 d,TOI-270 d,TOI-270_d_Transmission_TOI_270_d_3.12406_5800_2.tbl,CO2,,False,0.8918049522973012,0.3996888077941749,1.0,False,0.84534967555876
TOI-270 d,TOI-270 d,TOI-270_d_Transmission_TOI_270_d_3.12406_5949_1.tbl,CO2,,False,0.964135266174282,0.956827733464688,1.0,False,0.84534967555876
TOI-270 d,TOI-270 d,TOI-270_d_Transmission_TOI_270_d_3.12406_5949_2.tbl,CO2,,False,0.8829848501930785,0.3442366548045693,1.0,False,0.84534967555876
TOI-270 d,TOI-270 d,TOI-270_d_Transmission_TOI_270_d_3.12406_5949_3.tbl,CO2,,False,0.964135266174282,0.9588668944746163,1.0,False,0.84534967555876
TOI-270 d,TOI-270 d,TOI-270_d_Transmission_TOI_270_d_3.12406_5949_4.tbl,CO2,,False,0.9029274594013305,0.3099472020160908,1.0,False,0.84534967555876
TOI-270 d,TOI-270 d,TOI-270_d_Transmission_TOI_270_d_3.12406_5949_5.tbl,CO2,,False,0.9624100951463171,0.9577990038058696,1.0,False,0.84534967555876
TOI-270 d,TOI-270 d,TOI-270_d_Transmission_TOI_270_d_3.12406_5949_6.tbl,CO2,,False,0.9379928000721025,0.2940705245431865,1.0,False,0.84534967555876
TOI-270 d,TOI-270 d,TOI-270_d_Transmission_TOI_270_d_3.12406_5800_1.tbl,SO2,,False,0.032513331979800345,0.44343178401423544,1.0,False,0.6980999296270232
TOI-270 d,TOI-270 d,TOI-270_d_Transmission_TOI_270_d_3.12406_5800_2.tbl,SO2,,False,0.06918106429772375,0.17835067080677297,1.0,False,0.6980999296270232
TOI-270 d,TOI-270 d,TOI-270_d_Transmission_TOI_270_d_3.12406_5949_1.tbl,SO2,,False,0.05187519984822011,0.8965744283277051,1.0,False,0.6980999296270232
TOI-270 d,TOI-270 d,TOI-270_d_Transmission_TOI_270_d_3.12406_5949_2.tbl,SO2,,False,0.6224979449728071,0.18224441187115528,1.0,False,0.6980999296270232
TOI-270 d,TOI-270 d,TOI-270_d_Transmission_TOI_270_d_3.12406_5949_3.tbl,SO2,,False,0.05187519984822011,0.8996241015921198,1.0,False,0.6980999296270232
TOI-270 d,TOI-270 d,TOI-270_d_Transmission_TOI_270_d_3.12406_5949_4.tbl,SO2,,False,0.15763879594203373,0.17358811761012916,1.0,False,0.6980999296270232
TOI-270 d,TOI-270 d,TOI-270_d_Transmission_TOI_270_d_3.12406_5949_5.tbl,SO2,,False,0.051920569407034295,0.8987018096243463,1.0,False,0.6980999296270232
TOI-270 d,TOI-270 d,TOI-270_d_Transmission_TOI_270_d_3.12406_5949_6.tbl,SO2,,False,0.6224979449728071,0.1774882035402606,1.0,False,0.6980999296270232
TOI-270 d,TOI-270 d,TOI-270_d_Transmission_TOI_270_d_3.12406_5800_1.tbl,CO,,False,0.9858674336532338,0.4847950215035343,1.0,False,0.7298828862863618
TOI-270 d,TOI-270 d,TOI-270_d_Transmission_TOI_270_d_3.12406_5800_2.tbl,CO,,False,0.9827816962565252,0.3224413625540612,1.0,False,0.7298828862863618
TOI-270 d,TOI-270 d,TOI-270_d_Transmission_TOI_270_d_3.12406_5949_1.tbl,CO,,False,0.9928924128999506,0.9106163586761065,1.0,False,0.7298828862863618
TOI-270 d,TOI-270 d,TOI-270_d_Transmission_TOI_270_d_3.12406_5949_2.tbl,CO,,False,0.994306005926642,0.2906476473724126,1.0,False,0.7298828862863618
TOI-270 d,TOI-270 d,TOI-270_d_Transmission_TOI_270_d_3.12406_5949_3.tbl,CO,,False,0.9888840279219976,0.9113321399680968,1.0,False,0.7298828862863618
TOI-270 d,TOI-270 d,TOI-270_d_Transmission_TOI_270_d_3.12406_5949_4.tbl,CO,,False,0.9826798995591449,0.2693861812629863,1.0,False,0.7298828862863618
TOI-270 d,TOI-270 d,TOI-270_d_Transmission_TOI_270_d_3.12406_5949_5.tbl,CO,,False,0.9826905920218196,0.9128872621577311,1.0,False,0.7298828862863618
TOI-270 d,TOI-270 d,TOI-270_d_Transmission_TOI_270_d_3.12406_5949_6.tbl,CO,,False,0.9862477979798735,0.26139918007515317,1.0,False,0.7298828862863618
TRAPPIST-1 c,TRAPPIST-1 c,TRAPPIST-1_c_Transmission_TRAPPIST_1_c_3.11877_5693_1.tbl,H2O,0.0,True,0.8258070629301303,0.46920543942221404,1.0,False,0.8809986130374481
TRAPPIST-1 c,TRAPPIST-1 c,TRAPPIST-1_c_Transmission_TRAPPIST_1_c_3.11877_5693_2.tbl,H2O,0.0,True,0.9800677978136025,0.49105335422517016,1.0,False,0.8809986130374481
TRAPPIST-1 c,TRAPPIST-1 c,TRAPPIST-1_c_Transmission_TRAPPIST_1_c_3.11877_5704_2.tbl,H2O,0.0,True,0.9711029693164085,0.45474585854930855,1.0,False,0.8809986130374481
TRAPPIST-1 c,TRAPPIST-1 c,TRAPPIST-1_c_Transmission_TRAPPIST_1_c_3.11877_5693_1.tbl,CH4,0.0,True,0.8101449322803261,0.9990751135335607,1.0,False,0.5644320944772491
TRAPPIST-1 c,TRAPPIST-1 c,TRAPPIST-1_c_Transmission_TRAPPIST_1_c_3.11877_5693_2.tbl,CH4,0.0,True,0.4066012054066001,0.9989289151868304,1.0,False,0.5644320944772491
TRAPPIST-1 c,TRAPPIST-1 c,TRAPPIST-1_c_Transmission_TRAPPIST_1_c_3.11877_5704_2.tbl,CH4,0.0,True,0.4843349318807335,0.6713638118313336,1.0,False,0.5644320944772491
TRAPPIST-1 c,TRAPPIST-1 c,TRAPPIST-1_c_Transmission_TRAPPIST_1_c_3.11877_5693_1.tbl,CO2,,False,0.9509834625936372,0.5001880228904674,1.0,False,0.84534967555876
TRAPPIST-1 c,TRAPPIST-1 c,TRAPPIST-1_c_Transmission_TRAPPIST_1_c_3.11877_5693_2.tbl,CO2,,False,0.9836290327269042,0.5085359728409531,1.0,False,0.84534967555876
TRAPPIST-1 c,TRAPPIST-1 c,TRAPPIST-1_c_Transmission_TRAPPIST_1_c_3.11877_5704_2.tbl,CO2,,False,0.7340879345690361,0.169738515504669,1.0,False,0.84534967555876
TRAPPIST-1 c,TRAPPIST-1 c,TRAPPIST-1_c_Transmission_TRAPPIST_1_c_3.11877_5693_1.tbl,SO2,,False,0.06355765035535463,0.986672296181871,1.0,False,0.6980999296270232
TRAPPIST-1 c,TRAPPIST-1 c,TRAPPIST-1_c_Transmission_TRAPPIST_1_c_3.11877_5693_2.tbl,SO2,,False,0.040518981627119824,0.9877346627051642,1.0,False,0.6980999296270232
TRAPPIST-1 c,TRAPPIST-1 c,TRAPPIST-1_c_Transmission_TRAPPIST_1_c_3.11877_5704_2.tbl,SO2,,False,0.9913575140241396,0.0010527259183976314,1.0,False,0.6980999296270232
TRAPPIST-1 c,TRAPPIST-1 c,TRAPPIST-1_c_Transmission_TRAPPIST_1_c_3.11877_5693_1.tbl,CO,,False,0.9980265094896177,0.7160687808665553,1.0,False,0.8182973316391359
TRAPPIST-1 c,TRAPPIST-1 c,TRAPPIST-1_c_Transmission_TRAPPIST_1_c_3.11877_5693_2.tbl,CO,,False,0.9980265094896177,0.7397484611259816,1.0,False,0.8182973316391359
TRAPPIST-1 c,TRAPPIST-1 c,TRAPPIST-1_c_Transmission_TRAPPIST_1_c_3.11877_5704_2.tbl,CO,0.0,True,0.9529094303695366,0.021520584196111015,1.0,False,0.8182973316391359
WASP-107 b,WASP-107 b,WASP-107_b_Transmission_WASP_107_b_3.12045_5285_1.tbl,H2O,,False,0.9919345123363836,0.725876948847807,1.0,False,0.7765042979942692
WASP-107 b,WASP-107 b,WASP-107_b_Transmission_WASP_107_b_3.12045_5285_2.tbl,H2O,,False,0.9919345123363836,0.7248253123467558,1.0,False,0.7765042979942692
WASP-107 b,WASP-107 b,WASP-107_b_Transmission_WASP_107_b_3.12045_5285_3.tbl,H2O,,False,0.9919345123363836,0.7247479148172532,1.0,False,0.7765042979942692
WASP-107 b,WASP-107 b,WASP-107_b_Transmission_WASP_107_b_3.12045_5452_1.tbl,H2O,1.0,True,0.996194074347104,0.9999411195634036,1.0,False,0.7765042979942692
WASP-107 b,WASP-107 b,WASP-107_b_Transmission_WASP_107_b_3.12045_5453_2.tbl,H2O,1.0,True,0.9974321139657853,0.9999433923750196,1.0,False,0.7765042979942692
WASP-107 b,WASP-107 b,WASP-107_b_Transmission_WASP_107_b_3.12045_5453_3.tbl,H2O,,False,0.9919000174862352,0.9967151302098176,1.0,False,0.7765042979942692
WASP-107 b,WASP-107 b,WASP-107_b_Transmission_WASP_107_b_3.12045_5453_6.tbl,H2O,1.0,True,0.9974321139657853,0.9999410823886519,1.0,False,0.7765042979942692
WASP-107 b,WASP-107 b,WASP-107_b_Transmission_WASP_107_b_3.12045_5453_7.tbl,H2O,,False,0.9919000174862352,0.9955676897449373,1.0,False,0.7765042979942692
WASP-107 b,WASP-107 b,WASP-107_b_Transmission_WASP_107_b_3.12045_5453_8.tbl,H2O,1.0,True,0.9974321139657853,0.9999706304820608,1.0,False,0.7765042979942692
WASP-107 b,WASP-107 b,WASP-107_b_Transmission_WASP_107_b_3.12045_5453_9.tbl,H2O,,False,0.9919000174862352,0.995332056232058,1.0,False,0.7765042979942692
WASP-107 b,WASP-107 b,WASP-107_b_Transmission_WASP_107_b_3.12045_5534_1.tbl,H2O,1.0,True,0.9974321139657853,0.999479974408398,1.0,False,0.7765042979942692
WASP-107 b,WASP-107 b,WASP-107_b_Transmission_WASP_107_b_3.12045_5285_1.tbl,CH4,,False,0.1574026119975292,0.9931739833321005,0.0,False,0.4593639575971731
WASP-107 b,WASP-107 b,WASP-107_b_Transmission_WASP_107_b_3.12045_5285_2.tbl,CH4,,False,0.1574026119975292,0.9937227607410519,0.0,False,0.4593639575971731
WASP-107 b,WASP-107 b,WASP-107_b_Transmission_WASP_107_b_3.12045_5285_3.tbl,CH4,,False,0.1574026119975292,0.9937771004886389,0.0,False,0.4593639575971731
WASP-107 b,WASP-107 b,WASP-107_b_Transmission_WASP_107_b_3.12045_5452_1.tbl,CH4,1.0,True,0.04763148139163715,0.007762191598883519,0.0,False,0.4593639575971731
WASP-107 b,WASP-107 b,WASP-107_b_Transmission_WASP_107_b_3.12045_5453_2.tbl,CH4,1.0,True,0.00367438702887814,0.011224843126768922,0.0,False,0.4593639575971731
WASP-107 b,WASP-107 b,WASP-107_b_Transmission_WASP_107_b_3.12045_5453_3.tbl,CH4,,False,0.1574026119975292,0.41960700627707376,0.0,False,0.4593639575971731
WASP-107 b,WASP-107 b,WASP-107_b_Transmission_WASP_107_b_3.12045_5453_6.tbl,CH4,1.0,True,0.03310152096638944,0.011557807912415955,0.0,False,0.4593639575971731
WASP-107 b,WASP-107 b,WASP-107_b_Transmission_WASP_107_b_3.12045_5453_7.tbl,CH4,,False,0.1574026119975292,0.43311121388931495,0.0,False,0.4593639575971731
WASP-107 b,WASP-107 b,WASP-107_b_Transmission_WASP_107_b_3.12045_5453_8.tbl,CH4,1.0,True,0.00367438702887814,0.003924400975921556,0.0,False,0.4593639575971731
WASP-107 b,WASP-107 b,WASP-107_b_Transmission_WASP_107_b_3.12045_5453_9.tbl,CH4,,False,0.1574026119975292,0.4377831995141588,0.0,False,0.4593639575971731
WASP-107 b,WASP-107 b,WASP-107_b_Transmission_WASP_107_b_3.12045_5534_1.tbl,CH4,1.0,True,0.006103206209534566,0.012009923677491187,0.0,False,0.4593639575971731
WASP-107 b,WASP-107 b,WASP-107_b_Transmission_WASP_107_b_3.12045_5285_1.tbl,CO2,,False,0.9986133349888758,0.804927794942482,1.0,False,0.8361344537815127
WASP-107 b,WASP-107 b,WASP-107_b_Transmission_WASP_107_b_3.12045_5285_2.tbl,CO2,,False,0.9986133349888758,0.8023810725199751,1.0,False,0.8361344537815127
WASP-107 b,WASP-107 b,WASP-107_b_Transmission_WASP_107_b_3.12045_5285_3.tbl,CO2,,False,0.9986133349888758,0.8017068640518621,1.0,False,0.8361344537815127
WASP-107 b,WASP-107 b,WASP-107_b_Transmission_WASP_107_b_3.12045_5452_1.tbl,CO2,1.0,True,0.9970422769710043,0.9999306287723307,1.0,False,0.8361344537815127
WASP-107 b,WASP-107 b,WASP-107_b_Transmission_WASP_107_b_3.12045_5453_2.tbl,CO2,,False,0.9982288639004436,0.9998340045164187,1.0,False,0.8361344537815127
WASP-107 b,WASP-107 b,WASP-107_b_Transmission_WASP_107_b_3.12045_5453_3.tbl,CO2,1.0,True,0.9989087009070003,0.999082691196565,1.0,False,0.8361344537815127
WASP-107 b,WASP-107 b,WASP-107_b_Transmission_WASP_107_b_3.12045_5453_6.tbl,CO2,,False,0.9982288639004436,0.9998287510151702,1.0,False,0.8361344537815127
WASP-107 b,WASP-107 b,WASP-107_b_Transmission_WASP_107_b_3.12045_5453_7.tbl,CO2,1.0,True,0.9989087009070003,0.9988649233854677,1.0,False,0.8361344537815127
WASP-107 b,WASP-107 b,WASP-107_b_Transmission_WASP_107_b_3.12045_5453_8.tbl,CO2,,False,0.9982288639004436,0.9999363821346872,1.0,False,0.8361344537815127
WASP-107 b,WASP-107 b,WASP-107_b_Transmission_WASP_107_b_3.12045_5453_9.tbl,CO2,1.0,True,0.9989087009070003,0.9988246238760314,1.0,False,0.8361344537815127
WASP-107 b,WASP-107 b,WASP-107_b_Transmission_WASP_107_b_3.12045_5534_1.tbl,CO2,,False,0.9969209332460234,0.9995577642378513,1.0,False,0.8361344537815127
WASP-107 b,WASP-107 b,WASP-107_b_Transmission_WASP_107_b_3.12045_5285_1.tbl,SO2,,False,0.11936998942784117,0.9428622005173104,1.0,False,0.6608695652173914
WASP-107 b,WASP-107 b,WASP-107_b_Transmission_WASP_107_b_3.12045_5285_2.tbl,SO2,,False,0.11936998942784117,0.9402703324009591,1.0,False,0.6608695652173914
WASP-107 b,WASP-107 b,WASP-107_b_Transmission_WASP_107_b_3.12045_5285_3.tbl,SO2,,False,0.11936998942784117,0.940251218374934,1.0,False,0.6608695652173914
WASP-107 b,WASP-107 b,WASP-107_b_Transmission_WASP_107_b_3.12045_5452_1.tbl,SO2,1.0,True,0.9972938285574776,0.9636049911367377,1.0,False,0.6608695652173914
WASP-107 b,WASP-107 b,WASP-107_b_Transmission_WASP_107_b_3.12045_5453_2.tbl,SO2,,False,0.13443429939109133,0.9328615450603013,1.0,False,0.6608695652173914
WASP-107 b,WASP-107 b,WASP-107_b_Transmission_WASP_107_b_3.12045_5453_3.tbl,SO2,1.0,True,0.9955066764276697,0.9945738670552151,1.0,False,0.6608695652173914
WASP-107 b,WASP-107 b,WASP-107_b_Transmission_WASP_107_b_3.12045_5453_6.tbl,SO2,,False,0.11220198841367737,0.9345822976596034,1.0,False,0.6608695652173914
WASP-107 b,WASP-107 b,WASP-107_b_Transmission_WASP_107_b_3.12045_5453_7.tbl,SO2,1.0,True,0.994460176639602,0.994928749092786,1.0,False,0.6608695652173914
WASP-107 b,WASP-107 b,WASP-107_b_Transmission_WASP_107_b_3.12045_5453_8.tbl,SO2,,False,0.1125976460538847,0.9653663580282983,1.0,False,0.6608695652173914
WASP-107 b,WASP-107 b,WASP-107_b_Transmission_WASP_107_b_3.12045_5453_9.tbl,SO2,1.0,True,0.9896835832599966,0.9949964849199073,1.0,False,0.6608695652173914
WASP-107 b,WASP-107 b,WASP-107_b_Transmission_WASP_107_b_3.12045_5534_1.tbl,SO2,,False,0.055751050550974374,0.9671313707087681,1.0,False,0.6608695652173914
WASP-107 b,WASP-107 b,WASP-107_b_Transmission_WASP_107_b_3.12045_5285_1.tbl,CO,1.0,True,0.5392220101060569,0.5387456031000292,1.0,False,0.6596858638743456
WASP-107 b,WASP-107 b,WASP-107_b_Transmission_WASP_107_b_3.12045_5285_2.tbl,CO,1.0,True,0.5392220101060569,0.5348463094301027,1.0,False,0.6596858638743456
WASP-107 b,WASP-107 b,WASP-107_b_Transmission_WASP_107_b_3.12045_5285_3.tbl,CO,1.0,True,0.5392220101060569,0.5344142228917503,1.0,False,0.6596858638743456
WASP-107 b,WASP-107 b,WASP-107_b_Transmission_WASP_107_b_3.12045_5452_1.tbl,CO,1.0,True,0.9937240548996669,0.9980051738508022,1.0,False,0.6596858638743456
WASP-107 b,WASP-107 b,WASP-107_b_Transmission_WASP_107_b_3.12045_5453_2.tbl,CO,,False,0.9903279414094355,0.9977182421218908,1.0,False,0.6596858638743456
WASP-107 b,WASP-107 b,WASP-107_b_Transmission_WASP_107_b_3.12045_5453_3.tbl,CO,1.0,True,0.9813644851621428,0.97282851571964,1.0,False,0.6596858638743456
WASP-107 b,WASP-107 b,WASP-107_b_Transmission_WASP_107_b_3.12045_5453_6.tbl,CO,,False,0.9903279414094355,0.9977216970335963,1.0,False,0.6596858638743456
WASP-107 b,WASP-107 b,WASP-107_b_Transmission_WASP_107_b_3.12045_5453_7.tbl,CO,1.0,True,0.9765920724159846,0.9672830838772966,1.0,False,0.6596858638743456
WASP-107 b,WASP-107 b,WASP-107_b_Transmission_WASP_107_b_3.12045_5453_8.tbl,CO,,False,0.9903548468097396,0.9988596199573709,1.0,False,0.6596858638743456
WASP-107 b,WASP-107 b,WASP-107_b_Transmission_WASP_107_b_3.12045_5453_9.tbl,CO,1.0,True,0.9463856827578216,0.9662654521928502,1.0,False,0.6596858638743456
WASP-107 b,WASP-107 b,WASP-107_b_Transmission_WASP_107_b_3.12045_5534_1.tbl,CO,,False,0.9657109483689708,0.9964689553798847,1.0,False,0.6596858638743456
WASP-17 b,WASP-17 b,WASP-17_b_Transmission_WASP_17_b_3.11446_5567_4.tbl,H2O,1.0,True,0.9821641782749959,0.9978182575831303,1.0,False,0.7619972260748961
WASP-17 b,WASP-17 b,WASP-17_b_Transmission_WASP_17_b_3.11446_5567_2.tbl,H2O,1.0,True,0.9977448898777136,0.9983086407075535,1.0,False,0.7619972260748961
WASP-17 b,WASP-17 b,WASP-17_b_Transmission_WASP_17_b_3.11446_5567_4.tbl,CH4,,False,0.10499897442689066,0.36405541711630274,0.0,False,0.4912333736396614
WASP-17 b,WASP-17 b,WASP-17_b_Transmission_WASP_17_b_3.11446_5567_2.tbl,CH4,,False,0.13113532677921674,0.33099613024538477,0.0,False,0.4912333736396614
WASP-17 b,WASP-17 b,WASP-17_b_Transmission_WASP_17_b_3.11446_5567_4.tbl,CO2,,False,0.9989849435230258,0.9955621995406955,1.0,False,0.84534967555876
WASP-17 b,WASP-17 b,WASP-17_b_Transmission_WASP_17_b_3.11446_5567_2.tbl,CO2,,False,0.9990015270501968,0.996401967039626,1.0,False,0.84534967555876
WASP-17 b,WASP-17 b,WASP-17_b_Transmission_WASP_17_b_3.11446_5567_4.tbl,SO2,,False,0.032513331979800345,0.828749567484,1.0,False,0.6980999296270232
WASP-17 b,WASP-17 b,WASP-17_b_Transmission_WASP_17_b_3.11446_5567_2.tbl,SO2,,False,0.032513331979800345,0.8365506920771477,1.0,False,0.6980999296270232
WASP-17 b,WASP-17 b,WASP-17_b_Transmission_WASP_17_b_3.11446_5567_4.tbl,CO,,False,0.9934680709837538,0.9857273910305554,1.0,False,0.7298828862863618
WASP-17 b,WASP-17 b,WASP-17_b_Transmission_WASP_17_b_3.11446_5567_2.tbl,CO,,False,0.9947500390862016,0.9882596463779935,1.0,False,0.7298828862863618
WASP-39 b,WASP-39 b,WASP-39_b_Transmission_WASP_39_b_3.11466_4988_2.tbl,H2O,,False,0.9809287876224771,0.9999948609108531,1.0,False,0.7724137931034484
WASP-39 b,WASP-39 b,WASP-39_b_Transmission_WASP_39_b_3.11466_4988_4.tbl,H2O,,False,0.9840664134943341,0.9999982838357331,1.0,False,0.7724137931034484
WASP-39 b,WASP-39 b,WASP-39_b_Transmission_WASP_39_b_3.11466_5078_1.tbl,H2O,1.0,True,0.9836425258140151,0.9995720896713678,1.0,False,0.7724137931034484
WASP-39 b,WASP-39 b,WASP-39_b_Transmission_WASP_39_b_3.11466_4988_1.tbl,H2O,,False,0.9807092053034816,0.9999972505739382,1.0,False,0.7724137931034484
WASP-39 b,WASP-39 b,WASP-39_b_Transmission_WASP_39_b_3.11466_4988_3.tbl,H2O,,False,0.9838823636173961,0.9999832120990957,1.0,False,0.7724137931034484
WASP-39 b,WASP-39 b,WASP-39_b_Transmission_WASP_39_b_3.11466_5077_1.tbl,H2O,1.0,True,0.9985005981525497,0.9999997939523602,1.0,False,0.7724137931034484
WASP-39 b,WASP-39 b,WASP-39_b_Transmission_WASP_39_b_3.11466_5040_1.tbl,H2O,1.0,True,0.9984418310022773,0.9999359031663726,1.0,False,0.7724137931034484
WASP-39 b,WASP-39 b,WASP-39_b_Transmission_WASP_39_b_3.11466_5502_2.tbl,H2O,1.0,True,0.9980447910294536,0.9990775057516865,1.0,False,0.7724137931034484
WASP-39 b,WASP-39 b,WASP-39_b_Transmission_WASP_39_b_3.11466_5502_1.tbl,H2O,1.0,True,0.9984756750924974,0.9999547076704687,1.0,False,0.7724137931034484
WASP-39 b,WASP-39 b,WASP-39_b_Transmission_WASP_39_b_3.11466_5502_4.tbl,H2O,1.0,True,0.9976185960185016,0.9992945680218773,1.0,False,0.7724137931034484
WASP-39 b,WASP-39 b,WASP-39_b_Transmission_WASP_39_b_3.11466_5502_5.tbl,H2O,,False,0.9830903184410685,0.9999663053687211,1.0,False,0.7724137931034484
WASP-39 b,WASP-39 b,WASP-39_b_Transmission_WASP_39_b_3.11466_5502_6.tbl,H2O,1.0,True,0.9978411042532502,0.9999999983811398,1.0,False,0.7724137931034484
WASP-39 b,WASP-39 b,WASP-39_b_Transmission_WASP_39_b_3.11466_5087_1.tbl,H2O,1.0,True,0.9967246315005602,0.9999999998350773,1.0,False,0.7724137931034484
WASP-39 b,WASP-39 b,WASP-39_b_Transmission_WASP_39_b_3.11466_4988_2.tbl,CH4,0.0,True,0.6348746019637771,0.7945365870232514,1.0,False,0.5580357142857143
WASP-39 b,WASP-39 b,WASP-39_b_Transmission_WASP_39_b_3.11466_4988_4.tbl,CH4,0.0,True,0.6342267094822425,0.7890961807957794,1.0,False,0.5580357142857143
WASP-39 b,WASP-39 b,WASP-39_b_Transmission_WASP_39_b_3.11466_5078_1.tbl,CH4,0.0,True,0.03777402054192736,0.9863004966992636,1.0,False,0.5580357142857143
WASP-39 b,WASP-39 b,WASP-39_b_Transmission_WASP_39_b_3.11466_4988_1.tbl,CH4,0.0,True,0.3101785428160434,0.8054357948957263,1.0,False,0.5580357142857143
WASP-39 b,WASP-39 b,WASP-39_b_Transmission_WASP_39_b_3.11466_4988_3.tbl,CH4,0.0,True,0.31514675205692183,0.8525894542870285,1.0,False,0.5580357142857143
WASP-39 b,WASP-39 b,WASP-39_b_Transmission_WASP_39_b_3.11466_5077_1.tbl,CH4,0.0,True,0.9850325607372826,0.8707448266031311,1.0,False,0.5580357142857143
WASP-39 b,WASP-39 b,WASP-39_b_Transmission_WASP_39_b_3.11466_5040_1.tbl,CH4,0.0,True,0.9602853064317717,0.9588596085383372,1.0,False,0.5580357142857143
WASP-39 b,WASP-39 b,WASP-39_b_Transmission_WASP_39_b_3.11466_5502_2.tbl,CH4,0.0,True,0.9887602515945872,0.9890701815921722,1.0,False,0.5580357142857143
WASP-39 b,WASP-39 b,WASP-39_b_Transmission_WASP_39_b_3.11466_5502_1.tbl,CH4,0.0,True,0.9602375449704191,0.9701650776195798,1.0,False,0.5580357142857143
WASP-39 b,WASP-39 b,WASP-39_b_Transmission_WASP_39_b_3.11466_5502_4.tbl,CH4,0.0,True,0.9972182939270652,0.9981455576789477,1.0,False,0.5580357142857143
WASP-39 b,WASP-39 b,WASP-39_b_Transmission_WASP_39_b_3.11466_5502_5.tbl,CH4,,False,0.36660948680384847,0.9988785342357369,1.0,False,0.5580357142857143
WASP-39 b,WASP-39 b,WASP-39_b_Transmission_WASP_39_b_3.11466_5502_6.tbl,CH4,0.0,True,0.752064774450074,0.00872474886618329,1.0,False,0.5580357142857143
WASP-39 b,WASP-39 b,WASP-39_b_Transmission_WASP_39_b_3.11466_5087_1.tbl,CH4,0.0,True,0.9485594941876604,0.0014411730659036283,1.0,False,0.5580357142857143
WASP-39 b,WASP-39 b,WASP-39_b_Transmission_WASP_39_b_3.11466_4988_2.tbl,CO2,1.0,True,0.8683716624209273,0.9999942445066378,1.0,False,0.824468085106383
WASP-39 b,WASP-39 b,WASP-39_b_Transmission_WASP_39_b_3.11466_4988_4.tbl,CO2,1.0,True,0.9959204366654575,0.9999993285246269,1.0,False,0.824468085106383
WASP-39 b,WASP-39 b,WASP-39_b_Transmission_WASP_39_b_3.11466_5078_1.tbl,CO2,1.0,True,0.9245016946943785,0.998327880493245,1.0,False,0.824468085106383
WASP-39 b,WASP-39 b,WASP-39_b_Transmission_WASP_39_b_3.11466_4988_1.tbl,CO2,1.0,True,0.9938201224567315,0.9999963404046779,1.0,False,0.824468085106383
WASP-39 b,WASP-39 b,WASP-39_b_Transmission_WASP_39_b_3.11466_4988_3.tbl,CO2,1.0,True,0.9974517484548202,0.9999831045379473,1.0,False,0.824468085106383
WASP-39 b,WASP-39 b,WASP-39_b_Transmission_WASP_39_b_3.11466_5077_1.tbl,CO2,1.0,True,0.9961415800601239,0.9999995883288012,1.0,False,0.824468085106383
WASP-39 b,WASP-39 b,WASP-39_b_Transmission_WASP_39_b_3.11466_5040_1.tbl,CO2,,False,0.9920762623855224,0.9997832053333254,1.0,False,0.824468085106383
WASP-39 b,WASP-39 b,WASP-39_b_Transmission_WASP_39_b_3.11466_5502_2.tbl,CO2,1.0,True,0.9783734351848669,0.9966872312342541,1.0,False,0.824468085106383
WASP-39 b,WASP-39 b,WASP-39_b_Transmission_WASP_39_b_3.11466_5502_1.tbl,CO2,,False,0.9921286158160934,0.999866889514141,1.0,False,0.824468085106383
WASP-39 b,WASP-39 b,WASP-39_b_Transmission_WASP_39_b_3.11466_5502_4.tbl,CO2,,False,0.9921328162995466,0.9980335518143244,1.0,False,0.824468085106383
WASP-39 b,WASP-39 b,WASP-39_b_Transmission_WASP_39_b_3.11466_5502_5.tbl,CO2,1.0,True,0.9728068491971289,0.9999506262753329,1.0,False,0.824468085106383
WASP-39 b,WASP-39 b,WASP-39_b_Transmission_WASP_39_b_3.11466_5502_6.tbl,CO2,1.0,True,0.9700375585651654,0.9999999939212834,1.0,False,0.824468085106383
WASP-39 b,WASP-39 b,WASP-39_b_Transmission_WASP_39_b_3.11466_5087_1.tbl,CO2,1.0,True,0.9301161816605193,0.9999999998628333,1.0,False,0.824468085106383
WASP-39 b,WASP-39 b,WASP-39_b_Transmission_WASP_39_b_3.11466_4988_2.tbl,SO2,1.0,True,0.9261396846816832,0.9959492542512852,1.0,False,0.6292134831460674
WASP-39 b,WASP-39 b,WASP-39_b_Transmission_WASP_39_b_3.11466_4988_4.tbl,SO2,1.0,True,0.9838478289616114,0.9978801091339056,1.0,False,0.6292134831460674
WASP-39 b,WASP-39 b,WASP-39_b_Transmission_WASP_39_b_3.11466_5078_1.tbl,SO2,,False,0.8399391820747609,0.9781018318719099,1.0,False,0.6292134831460674
WASP-39 b,WASP-39 b,WASP-39_b_Transmission_WASP_39_b_3.11466_4988_1.tbl,SO2,1.0,True,0.9276616697987673,0.9965862049483737,1.0,False,0.6292134831460674
WASP-39 b,WASP-39 b,WASP-39_b_Transmission_WASP_39_b_3.11466_4988_3.tbl,SO2,1.0,True,0.962389663447622,0.9974885264615756,1.0,False,0.6292134831460674
WASP-39 b,WASP-39 b,WASP-39_b_Transmission_WASP_39_b_3.11466_5077_1.tbl,SO2,1.0,True,0.6084748325410967,0.9980863741800526,1.0,False,0.6292134831460674
WASP-39 b,WASP-39 b,WASP-39_b_Transmission_WASP_39_b_3.11466_5040_1.tbl,SO2,,False,0.011871432945631583,0.9817111373348966,1.0,False,0.6292134831460674
WASP-39 b,WASP-39 b,WASP-39_b_Transmission_WASP_39_b_3.11466_5502_2.tbl,SO2,,False,0.8399391820747609,0.9833196942387807,1.0,False,0.6292134831460674
WASP-39 b,WASP-39 b,WASP-39_b_Transmission_WASP_39_b_3.11466_5502_1.tbl,SO2,,False,0.011871432945631583,0.9863044495134077,1.0,False,0.6292134831460674
WASP-39 b,WASP-39 b,WASP-39_b_Transmission_WASP_39_b_3.11466_5502_4.tbl,SO2,,False,0.22230217399388286,0.9984733166649314,1.0,False,0.6292134831460674
WASP-39 b,WASP-39 b,WASP-39_b_Transmission_WASP_39_b_3.11466_5502_5.tbl,SO2,1.0,True,0.9964986773429714,0.9999780369818636,1.0,False,0.6292134831460674
WASP-39 b,WASP-39 b,WASP-39_b_Transmission_WASP_39_b_3.11466_5502_6.tbl,SO2,1.0,True,0.05730322911841646,0.7218138289621991,1.0,False,0.6292134831460674
WASP-39 b,WASP-39 b,WASP-39_b_Transmission_WASP_39_b_3.11466_5087_1.tbl,SO2,1.0,True,0.04646014167566376,0.7315961518477732,1.0,False,0.6292134831460674
WASP-39 b,WASP-39 b,WASP-39_b_Transmission_WASP_39_b_3.11466_4988_2.tbl,CO,1.0,True,0.772642957666306,0.9999519667851449,1.0,False,0.6625766871165644
WASP-39 b,WASP-39 b,WASP-39_b_Transmission_WASP_39_b_3.11466_4988_4.tbl,CO,1.0,True,0.8414079862932742,0.999991816158921,1.0,False,0.6625766871165644
WASP-39 b,WASP-39 b,WASP-39_b_Transmission_WASP_39_b_3.11466_5078_1.tbl,CO,,False,0.9917532723744497,0.9952321279871038,1.0,False,0.6625766871165644
WASP-39 b,WASP-39 b,WASP-39_b_Transmission_WASP_39_b_3.11466_4988_1.tbl,CO,1.0,True,0.8287940328826372,0.9999671429884596,1.0,False,0.6625766871165644
WASP-39 b,WASP-39 b,WASP-39_b_Transmission_WASP_39_b_3.11466_4988_3.tbl,CO,1.0,True,0.8732546239579297,0.9999132726387348,1.0,False,0.6625766871165644
WASP-39 b,WASP-39 b,WASP-39_b_Transmission_WASP_39_b_3.11466_5077_1.tbl,CO,1.0,True,0.8172702695641361,0.9999930323614908,1.0,False,0.6625766871165644
WASP-39 b,WASP-39 b,WASP-39_b_Transmission_WASP_39_b_3.11466_5040_1.tbl,CO,,False,0.8196017760757995,0.9989034640441681,1.0,False,0.6625766871165644
WASP-39 b,WASP-39 b,WASP-39_b_Transmission_WASP_39_b_3.11466_5502_2.tbl,CO,,False,0.9850916018021075,0.9928432537850994,1.0,False,0.6625766871165644
WASP-39 b,WASP-39 b,WASP-39_b_Transmission_WASP_39_b_3.11466_5502_1.tbl,CO,,False,0.8186613621020563,0.9992217794357809,1.0,False,0.6625766871165644
WASP-39 b,WASP-39 b,WASP-39_b_Transmission_WASP_39_b_3.11466_5502_4.tbl,CO,,False,0.9282647777611637,0.9960989176122308,1.0,False,0.6625766871165644
WASP-39 b,WASP-39 b,WASP-39_b_Transmission_WASP_39_b_3.11466_5502_5.tbl,CO,1.0,True,0.9893366870623551,0.9998584254862429,1.0,False,0.6625766871165644
WASP-39 b,WASP-39 b,WASP-39_b_Transmission_WASP_39_b_3.11466_5502_6.tbl,CO,1.0,True,0.34990578997421395,0.9999997032841166,1.0,False,0.6625766871165644
WASP-39 b,WASP-39 b,WASP-39_b_Transmission_WASP_39_b_3.11466_5087_1.tbl,CO,1.0,True,0.2914723689331209,0.9999999867891352,1.0,False,0.6625766871165644
WASP-52 b,WASP-52 b,WASP-52_b_Transmission_WASP_52_b_3.11565_5621_1.tbl,H2O,1.0,True,0.9450176709358684,0.5415142552474284,1.0,False,0.7619972260748961
WASP-52 b,WASP-52 b,WASP-52_b_Transmission_WASP_52_b_3.11565_5621_1.tbl,CH4,,False,0.47878179061690346,0.8646722360437242,0.0,False,0.4912333736396614
WASP-52 b,WASP-52 b,WASP-52_b_Transmission_WASP_52_b_3.11565_5621_1.tbl,CO2,,False,0.800538289942418,0.5579723102133414,1.0,False,0.84534967555876
WASP-52 b,WASP-52 b,WASP-52_b_Transmission_WASP_52_b_3.11565_5621_1.tbl,SO2,,False,0.06386349585960338,0.6982805790690205,1.0,False,0.6980999296270232
WASP-52 b,WASP-52 b,WASP-52_b_Transmission_WASP_52_b_3.11565_5621_1.tbl,CO,,False,0.9934242879214819,0.5779647294296684,1.0,False,0.7298828862863618
WASP-80 b,WASP-80 b,WASP-80_b_Transmission_WASP_80_b_3.11585_5432_1.tbl,H2O,,False,0.9958049320771273,0.7885268657280158,1.0,False,0.7873078829945462
WASP-80 b,WASP-80 b,WASP-80_b_Transmission_WASP_80_b_3.11585_5432_1.tbl,CH4,1.0,True,0.48782760431088057,0.5722673914212819,0.0,False,0.41542202153525537
WASP-80 b,WASP-80 b,WASP-80_b_Transmission_WASP_80_b_3.11585_5432_1.tbl,CO2,,False,0.9758207129897609,0.7249143060397696,1.0,False,0.84534967555876
WASP-80 b,WASP-80 b,WASP-80_b_Transmission_WASP_80_b_3.11585_5432_1.tbl,SO2,,False,0.4133638436646463,0.28351290345087854,1.0,False,0.6980999296270232
WASP-80 b,WASP-80 b,WASP-80_b_Transmission_WASP_80_b_3.11585_5432_1.tbl,CO,,False,0.9977823827246898,0.6114363049676075,1.0,False,0.7298828862863618
