planet,file,authors,instrument,median_depth_ppm,bins_covered,rows_raw,artifact_all_null,artifact_all_zero,partial_null_dropped,depth_source,rows_kept,wl_min,wl_max,n_in_grid,n_missing_err
HAT-P-18 b,HAT-P-18_b_Transmission_HAT_P_18_b_3.11001_5041_1.tbl,Fu et al. 2022,Near Infrared Imager and Slitless Spectrograph (NIRISS),18759.8,46,1021,0,0,0,PL_TRANDEP,1021,0.6078,2.8266,717,0
WASP-39 b,WASP-39_b_Transmission_WASP_39_b_3.11466_4988_2.tbl,JWST Transiting Exoplanet Community ERS Team 2022,Near Infrared Spectrograph (NIRSpec),21399.4,50,95,0,0,0,PL_TRANDEP,95,3.01386,5.54762,83,0
WASP-39 b,WASP-39_b_Transmission_WASP_39_b_3.11466_4988_4.tbl,JWST Transiting Exoplanet Community ERS Team 2022,Near Infrared Spectrograph (NIRSpec),21271.5,50,243,0,0,0,PL_TRANDEP,243,3.00067,5.3405,197,0
WASP-39 b,WASP-39_b_Transmission_WASP_39_b_3.11466_5078_1.tbl,Feinstein et al. 2023,Near Infrared Imager and Slitless Spectrograph (NIRISS),21273.9,45,331,0,0,0,PL_TRANDEP,331,0.63096,2.79649,238,0
WASP-39 b,WASP-39_b_Transmission_WASP_39_b_3.11466_4988_1.tbl,JWST Transiting Exoplanet Community ERS Team 2022,Near Infrared Spectrograph (NIRSpec),21319.5,50,94,0,0,0,PL_TRANDEP,94,3.0085,5.288,82,0
WASP-39 b,WASP-39_b_Transmission_WASP_39_b_3.11466_4988_3.tbl,JWST Transiting Exoplanet Community ERS Team 2022,Near Infrared Spectrograph (NIRSpec),21334.8,47,67,0,0,0,PL_TRANDEP,67,3.017,5.465,51,0
WASP-39 b,WASP-39_b_Transmission_WASP_39_b_3.11466_5077_1.tbl,Alderson et al. 2023,Near Infrared Spectrograph (NIRSpec) - G395H,21481.2,54,344,0,0,0,PL_TRANDEP,344,2.76293,5.16907,318,0
WASP-39 b,WASP-39_b_Transmission_WASP_39_b_3.11466_5040_1.tbl,Ahrer et al. 2023,Near Infrared Camera (NIRCam),21160.6,41,107,0,0,0,PL_TRANDEP,107,2.4275,4.0175,107,0
K2-18 b,K2-18_b_Transmission_K2_18_b_3.11793_5255_1.tbl,Madhusudhan et al. 2023,Near Infrared Spectrograph (NIRSpec),2954.5,55,3401,0,0,0,PL_TRANDEP,3401,2.74279,5.17429,3144,0
K2-18 b,K2-18_b_Transmission_K2_18_b_3.11793_5255_2.tbl,Madhusudhan et al. 2023,Near Infrared Imager and Slitless Spectrograph (NIRISS),2908.0,46,1010,0,0,0,PL_TRANDEP,1010,0.85227,2.82704,928,0
WASP-107 b,WASP-107_b_Transmission_WASP_107_b_3.12045_5285_1.tbl,Dyrek et al. 2024,Mid-Infrared Instrument (MIRI) - LRS,20126.0,3,49,0,0,0,PL_TRANDEP,49,4.61,11.83,3,0
WASP-107 b,WASP-107_b_Transmission_WASP_107_b_3.12045_5285_2.tbl,Dyrek et al. 2024,Mid-Infrared Instrument (MIRI) - LRS,20233.0,3,49,0,0,0,PL_TRANDEP,49,4.61,11.83,3,0
WASP-107 b,WASP-107_b_Transmission_WASP_107_b_3.12045_5285_3.tbl,Dyrek et al. 2024,Mid-Infrared Instrument (MIRI) - LRS,20257.0,3,49,0,0,0,PL_TRANDEP,49,4.61,11.83,3,0
HD 209458 b,HD_209458_b_Transmission_HD_209458_b_3.11218_5413_50.tbl,Xue et al. 2024,Near Infrared Camera (NIRCam),14576.3,66,69,0,0,0,PL_TRANDEP,69,2.38,4.98,69,0
HD 209458 b,HD_209458_b_Transmission_HD_209458_b_3.11218_5413_51.tbl,Xue et al. 2024,Near Infrared Camera (NIRCam),14563.1,66,69,0,0,0,PL_TRANDEP,69,2.38,4.98,69,0
WASP-107 b,WASP-107_b_Transmission_WASP_107_b_3.12045_5452_1.tbl,Sing et al. 2024,Near Infrared Spectrograph (NIRSpec),20666.8,55,576,0,0,0,PL_TRANDEP,576,2.73551,5.16369,540,0
WASP-107 b,WASP-107_b_Transmission_WASP_107_b_3.12045_5453_2.tbl,Welbanks et al. 2024,Near Infrared Camera (NIRCam),20606.2,38,100,0,0,0,PL_TRANDEP,100,2.4575,3.9425,100,0
WASP-107 b,WASP-107_b_Transmission_WASP_107_b_3.12045_5453_3.tbl,Welbanks et al. 2024,Near Infrared Camera (NIRCam),20468.3,28,77,0,0,0,PL_TRANDEP,77,3.8975,5.0375,74,0
WASP-107 b,WASP-107_b_Transmission_WASP_107_b_3.12045_5453_6.tbl,Welbanks et al. 2024,Near Infrared Camera (NIRCam),20614.6,38,100,0,0,0,PL_TRANDEP,100,2.4575,3.9425,100,0
WASP-107 b,WASP-107_b_Transmission_WASP_107_b_3.12045_5453_7.tbl,Welbanks et al. 2024,Near Infrared Camera (NIRCam),20430.3,28,72,0,0,0,PL_TRANDEP,72,3.8975,4.9625,72,0
WASP-107 b,WASP-107_b_Transmission_WASP_107_b_3.12045_5453_8.tbl,Welbanks et al. 2024,Near Infrared Camera (NIRCam),20522.5,38,100,0,0,0,PL_TRANDEP,100,2.4572,3.9421,100,0
WASP-107 b,WASP-107_b_Transmission_WASP_107_b_3.12045_5453_9.tbl,Welbanks et al. 2024,Near Infrared Camera (NIRCam),20455.8,28,72,0,0,0,PL_TRANDEP,72,3.8971,4.962,72,0
HD 189733 b,HD_189733_b_Transmission_HD_189733_b_3.11185_5430_1.tbl,Fu et al. 2024,Near Infrared Camera (NIRCam),24197.1,65,139,0,0,0,PL_TRANDEP,139,2.4046,4.97374,139,0
HAT-P-18 b,HAT-P-18_b_Transmission_HAT_P_18_b_3.11001_5431_1.tbl,Fournier-Tondreau et al. 2024,Near Infrared Imager and Slitless Spectrograph (NIRISS),18870.8,44,139,0,0,0,PL_TRANDEP,139,0.60638,2.79958,98,0
WASP-80 b,WASP-80_b_Transmission_WASP_80_b_3.11585_5432_1.tbl,Bell et al. 2023,Near Infrared Camera (NIRCam),29640.8,42,113,0,0,0,PL_TRANDEP,113,2.4218,4.0555,113,0
HAT-P-18 b,HAT-P-18_b_Transmission_HAT_P_18_b_3.11001_5431_2.tbl,Fournier-Tondreau et al. 2024,Near Infrared Imager and Slitless Spectrograph (NIRISS),18858.7,45,2472,0,0,0,PL_TRANDEP,2472,0.60003,2.82856,1804,0
WASP-39 b,WASP-39_b_Transmission_WASP_39_b_3.11466_5502_2.tbl,Carter et al. 2024,Near Infrared Imager and Slitless Spectrograph (NIRISS),21252.3,45,108,0,0,0,PL_TRANDEP,108,0.87711,2.80484,95,0
WASP-39 b,WASP-39_b_Transmission_WASP_39_b_3.11466_5502_1.tbl,Carter et al. 2024,Near Infrared Camera (NIRCam),21183.0,40,49,0,0,0,PL_TRANDEP,49,2.43278,3.98827,49,0
WASP-39 b,WASP-39_b_Transmission_WASP_39_b_3.11466_5502_4.tbl,Carter et al. 2024,Near Infrared Spectrograph (NIRSpec),21269.0,24,30,0,0,0,PL_TRANDEP,30,2.73882,3.68651,30,0
WASP-39 b,WASP-39_b_Transmission_WASP_39_b_3.11466_5502_5.tbl,Carter et al. 2024,Near Infrared Spectrograph (NIRSpec),21425.9,26,29,0,0,0,PL_TRANDEP,29,3.84864,5.12786,26,0
WASP-39 b,WASP-39_b_Transmission_WASP_39_b_3.11466_5502_6.tbl,Carter et al. 2024,Near Infrared Spectrograph (NIRSpec),21415.8,89,147,0,0,0,PL_TRANDEP,147,0.52132,5.34412,106,0
GJ 3470 b,GJ_3470_b_Transmission_GJ_3470_b_3.11524_5498_1.tbl,Beatty et al. 2024,Near Infrared Camera (NIRCam),5900.1,38,100,0,0,0,PL_TRANDEP,100,2.458,3.942,100,0
GJ 3470 b,GJ_3470_b_Transmission_GJ_3470_b_3.11524_5498_2.tbl,Beatty et al. 2024,Near Infrared Camera (NIRCam),5922.6,28,72,0,0,0,PL_TRANDEP,72,3.897,4.963,72,0
GJ 3470 b,GJ_3470_b_Transmission_GJ_3470_b_3.11524_5498_4.tbl,Beatty et al. 2024,Near Infrared Camera (NIRCam),5943.0,1,1,0,0,0,PL_TRANDEP,1,2.096,2.096,1,0
WASP-39 b,WASP-39_b_Transmission_WASP_39_b_3.11466_5087_1.tbl,Rustamkulov et al. 2023,Near Infrared Spectrograph (NIRSpec) - PRISM,21319.0,96,207,0,0,0,PL_TRANDEP,207,0.53146,5.34413,146,0
HD 189733 b,HD_189733_b_Transmission_HD_189733_b_3.11185_5532_1.tbl,Zhang et al. 2025,Near Infrared Camera (NIRCam),24356.0,52,53,0,0,0,PL_TRANDEP,53,2.425,4.975,53,0
WASP-107 b,WASP-107_b_Transmission_WASP_107_b_3.12045_5534_1.tbl,Murphy et al. 2024,Near Infrared Camera (NIRCam),20507.0,30,30,0,0,0,PL_TRANDEP,30,2.475,3.925,30,0
WASP-17 b,WASP-17_b_Transmission_WASP_17_b_3.11446_5567_4.tbl,Louie et al. 2025,Near Infrared Imager and Slitless Spectrograph (NIRISS),15445.0,46,2021,0,0,0,PL_TRANDEP,2021,0.85036,2.80981,1854,0
WASP-17 b,WASP-17_b_Transmission_WASP_17_b_3.11446_5567_2.tbl,Louie et al. 2025,Near Infrared Imager and Slitless Spectrograph (NIRISS),15454.9,46,119,0,0,0,PL_TRANDEP,119,0.85442,2.81537,103,0
WASP-52 b,WASP-52_b_Transmission_WASP_52_b_3.11565_5621_1.tbl,Fournier-Tondreau et al. 2025,Near Infrared Imager and Slitless Spectrograph (NIRISS),27224.0,46,155,0,0,0,PL_TRANDEP,155,0.60431,2.8153,104,0
TRAPPIST-1 c,TRAPPIST-1_c_Transmission_TRAPPIST_1_c_3.11877_5693_1.tbl,Radica et al. 2025,Near Infrared Imager and Slitless Spectrograph (NIRISS),7066.6,23,26,0,0,0,PL_TRANDEP,26,0.72,2.77,23,0
TRAPPIST-1 c,TRAPPIST-1_c_Transmission_TRAPPIST_1_c_3.11877_5693_2.tbl,Radica et al. 2025,Near Infrared Imager and Slitless Spectrograph (NIRISS),7049.4,23,26,0,0,0,PL_TRANDEP,26,0.72,2.77,23,0
TRAPPIST-1 c,TRAPPIST-1_c_Transmission_TRAPPIST_1_c_3.11877_5704_2.tbl,Rathcke et al. 2025,Near Infrared Spectrograph (NIRSpec) - PRISM,7062.7,100,362,0,0,0,PL_TRANDEP,362,0.8031,5.19278,318,0
HAT-P-26 b,HAT-P-26_b_Transmission_HAT_P_26_b_3.11010_5775_1.tbl,Gressier et al. 2025,Near Infrared Spectrograph (NIRSpec) - G395H,5182.3,54,229,0,0,0,PL_TRANDEP,229,2.77742,5.14741,217,0
HAT-P-26 b,HAT-P-26_b_Transmission_HAT_P_26_b_3.11010_5775_2.tbl,Gressier et al. 2025,Near Infrared Spectrograph (NIRSpec) - G395H,5220.5,52,214,0,0,0,PL_TRANDEP,214,2.87458,5.12128,204,0
TOI-270 d,TOI-270_d_Transmission_TOI_270_d_3.12406_5800_1.tbl,Felix et al. 2025,Near Infrared Imager and Slitless Spectrograph (NIRISS),2881.7,46,2037,0,0,0,PL_TRANDEP,2037,0.85126,2.82661,1871,0
TOI-270 d,TOI-270_d_Transmission_TOI_270_d_3.12406_5800_2.tbl,Felix et al. 2025,Near Infrared Spectrograph (NIRSpec) - G395H,2923.4,55,3474,0,0,0,PL_TRANDEP,3474,2.74196,5.17075,3213,0
TOI-270 d,TOI-270_d_Transmission_TOI_270_d_3.12406_5949_1.tbl,Holmberg &amp; Madhusudhan 2024,Near Infrared Spectrograph (NIRSpec) - G395H,2918.8,32,34,0,0,0,PL_TRANDEP,34,2.76706,5.12749,32,0
TOI-270 d,TOI-270_d_Transmission_TOI_270_d_3.12406_5949_2.tbl,Holmberg &amp; Madhusudhan 2024,Near Infrared Spectrograph (NIRSpec) - G395H,2916.0,55,3393,0,0,0,PL_TRANDEP,3393,2.74196,5.174,3134,0
TOI-270 d,TOI-270_d_Transmission_TOI_270_d_3.12406_5949_3.tbl,Holmberg &amp; Madhusudhan 2024,Near Infrared Spectrograph (NIRSpec) - G395H,2903.2,32,34,0,0,0,PL_TRANDEP,34,2.76706,5.12749,32,0
TOI-270 d,TOI-270_d_Transmission_TOI_270_d_3.12406_5949_4.tbl,Holmberg &amp; Madhusudhan 2024,Near Infrared Spectrograph (NIRSpec) - G395H,2910.4,55,3394,1,0,0,PL_TRANDEP,3393,2.74196,5.174,3134,0
TOI-270 d,TOI-270_d_Transmission_TOI_270_d_3.12406_5949_5.tbl,Holmberg &amp; Madhusudhan 2024,Near Infrared Spectrograph (NIRSpec) - G395H,2917.0,32,34,0,0,0,PL_TRANDEP,34,2.76706,5.12749,32,0
TOI-270 d,TOI-270_d_Transmission_TOI_270_d_3.12406_5949_6.tbl,Holmberg &amp; Madhusudhan 2024,Near Infrared Spectrograph (NIRSpec) - G395H,2923.1,55,3393,0,0,0,PL_TRANDEP,3393,2.74196,5.174,3134,0
