threshold,tp,fp,fn,tn,precision,recall,f1,accuracy
0.0,701,713,0,0,0.4957567185289958,1.0,0.6628841607565013,0.4957567185289958
0.005,701,713,0,0,0.4957567185289958,1.0,0.6628841607565013,0.4957567185289958
0.01,701,696,0,17,0.5017895490336435,1.0,0.6682554814108674,0.5077793493635078
0.015,701,641,0,72,0.522354694485842,1.0,0.6862457170827214,0.5466760961810466
0.02,701,598,0,115,0.5396458814472671,1.0,0.701,0.5770862800565771
0.025,700,574,1,139,0.5494505494505495,0.9985734664764622,0.708860759493671,0.5933521923620934
0.03,699,559,2,154,0.5556438791732909,0.9971469329529244,0.7136294027565084,0.6032531824611033
0.035,699,538,2,175,0.5650767987065481,0.9971469329529244,0.7213622291021673,0.6181046676096181
0.04,699,521,2,192,0.5729508196721311,0.9971469329529244,0.7277459656428943,0.6301272984441302
0.045,697,498,4,215,0.5832635983263599,0.9942938659058488,0.7352320675105485,0.6449787835926449
0.05,697,483,4,230,0.5906779661016949,0.9942938659058488,0.7410951621477937,0.6555869872701556
0.055,697,476,4,237,0.5942028985507246,0.9942938659058488,0.7438633938100321,0.6605374823196606
0.06,697,469,4,244,0.597770154373928,0.9942938659058488,0.7466523835029459,0.6654879773691655
0.065,696,459,5,254,0.6025974025974026,0.992867332382311,0.75,0.6718528995756718
0.07,695,452,6,261,0.6059285091543156,0.9914407988587732,0.7521645021645021,0.6760961810466761
0.075,694,445,7,268,0.6093064091308165,0.9900142653352354,0.7543478260869565,0.6803394625176803
0.08,694,436,7,277,0.6141592920353982,0.9900142653352354,0.7580557072637903,0.6867043847241867
0.085,694,431,7,282,0.6168888888888889,0.9900142653352354,0.7601314348302302,0.6902404526166902
0.09,693,424,8,289,0.6204118173679498,0.9885877318116976,0.7623762376237623,0.6944837340876945
0.095,693,419,8,294,0.6232014388489209,0.9885877318116976,0.7644787644787645,0.698019801980198
0.1,693,414,8,299,0.6260162601626016,0.9885877318116976,0.7665929203539823,0.7015558698727016
0.105,692,410,9,303,0.6279491833030852,0.9871611982881597,0.7676095396561287,0.7036775106082037
0.11,692,405,9,308,0.6308113035551504,0.9871611982881597,0.7697441601779756,0.7072135785007072
0.115,691,401,10,312,0.6327838827838828,0.985734664764622,0.7707752370329057,0.7093352192362093
0.12,691,397,10,316,0.6351102941176471,0.985734664764622,0.7724986025712689,0.7121640735502122
0.125,690,392,11,321,0.6377079482439926,0.9843081312410842,0.7739764441951766,0.714992927864215
0.13,690,391,11,322,0.6382978723404256,0.9843081312410842,0.7744107744107744,0.7157001414427157
0.135,690,389,11,324,0.6394810009267841,0.9843081312410842,0.7752808988764045,0.7171145685997171
0.14,690,382,11,331,0.6436567164179104,0.9843081312410842,0.77834179357022,0.7220650636492221
0.145,689,380,12,333,0.6445275958840038,0.9828815977175464,0.7785310734463277,0.7227722772277227
0.15,689,379,12,334,0.6451310861423221,0.9828815977175464,0.7789711701526286,0.7234794908062234
0.155,688,373,13,340,0.648444863336475,0.9814550641940085,0.7809307604994326,0.727015558698727
0.16,687,371,14,342,0.6493383742911153,0.9800285306704708,0.7811256395679363,0.7277227722772277
0.165,687,365,14,348,0.653041825095057,0.9800285306704708,0.7837992013690817,0.731966053748232
0.17,687,361,14,352,0.6555343511450382,0.9800285306704708,0.7855917667238422,0.7347949080622348
0.17500000000000002,687,355,14,358,0.6593090211132437,0.9800285306704708,0.7882960413080895,0.7390381895332391
0.18,686,353,15,360,0.6602502406159769,0.978601997146933,0.7885057471264368,0.7397454031117398
0.185,684,352,17,361,0.6602316602316602,0.9757489300998573,0.7875647668393784,0.7390381895332391
0.19,683,349,18,364,0.6618217054263565,0.9743223965763196,0.7882285054818234,0.7404526166902404
0.195,682,346,19,367,0.6634241245136187,0.9728958630527818,0.7888953152111047,0.7418670438472419
0.2,681,346,20,367,0.6630963972736125,0.9714693295292439,0.7881944444444444,0.7411598302687411
0.20500000000000002,680,340,21,373,0.6666666666666666,0.9700427960057061,0.7902382335851249,0.7446958981612447
0.21,680,339,21,374,0.6673209028459274,0.9700427960057061,0.7906976744186046,0.7454031117397454
0.215,680,337,21,376,0.6686332350049164,0.9700427960057061,0.7916181606519209,0.7468175388967468
0.22,679,336,22,377,0.6689655172413793,0.9686162624821684,0.7913752913752915,0.7468175388967468
0.225,678,335,23,378,0.6692991115498519,0.9671897289586305,0.7911318553092183,0.7468175388967468
0.23,678,333,23,380,0.6706231454005934,0.9671897289586305,0.7920560747663551,0.7482319660537482
0.23500000000000001,677,331,24,382,0.6716269841269841,0.9657631954350927,0.7922761849034523,0.748939179632249
0.24,677,330,24,383,0.6722939424031777,0.9657631954350927,0.7927400468384075,0.7496463932107497
0.245,677,328,24,385,0.6736318407960199,0.9657631954350927,0.7936694021101992,0.751060820367751
0.25,677,328,24,385,0.6736318407960199,0.9657631954350927,0.7936694021101992,0.751060820367751
0.255,676,327,25,386,0.6739780658025922,0.9643366619115549,0.7934272300469484,0.751060820367751
0.26,676,326,25,387,0.6746506986027944,0.9643366619115549,0.7938931297709924,0.7517680339462518
0.265,676,322,25,391,0.6773547094188377,0.9643366619115549,0.7957622130665097,0.7545968882602546
0.27,676,321,25,392,0.6780341023069207,0.9643366619115549,0.7962308598351,0.7553041018387553
0.275,675,320,26,393,0.678391959798995,0.9629101283880172,0.7959905660377359,0.7553041018387553
0.28,675,320,26,393,0.678391959798995,0.9629101283880172,0.7959905660377359,0.7553041018387553
0.28500000000000003,675,316,26,397,0.6811301715438951,0.9629101283880172,0.797872340425532,0.7581329561527581
0.29,675,315,26,398,0.6818181818181818,0.9629101283880172,0.7983441750443525,0.7588401697312589
0.295,675,313,26,400,0.6831983805668016,0.9629101283880172,0.7992895204262878,0.7602545968882602
0.3,675,312,26,401,0.6838905775075987,0.9629101283880172,0.7997630331753554,0.7609618104667609
0.305,673,311,28,402,0.6839430894308943,0.9600570613409415,0.798813056379822,0.7602545968882602
0.31,673,310,28,403,0.6846388606307223,0.9600570613409415,0.7992874109263657,0.7609618104667609
0.315,673,310,28,403,0.6846388606307223,0.9600570613409415,0.7992874109263657,0.7609618104667609
0.32,673,309,28,404,0.685336048879837,0.9600570613409415,0.7997623291740938,0.7616690240452617
0.325,672,308,29,405,0.6857142857142857,0.9586305278174037,0.7995240928019036,0.7616690240452617
0.33,672,307,29,406,0.686414708886619,0.9586305278174037,0.8,0.7623762376237624
0.335,672,304,29,409,0.6885245901639344,0.9586305278174037,0.8014311270125223,0.7644978783592645
0.34,672,302,29,411,0.6899383983572895,0.9586305278174037,0.8023880597014925,0.7659123055162659
0.34500000000000003,672,301,29,412,0.6906474820143885,0.9586305278174037,0.8028673835125449,0.7666195190947667
0.35000000000000003,672,299,29,414,0.6920700308959835,0.9586305278174037,0.8038277511961723,0.768033946251768
0.355,672,298,29,415,0.6927835051546392,0.9586305278174037,0.8043087971274685,0.7687411598302687
0.36,671,297,30,416,0.6931818181818182,0.9572039942938659,0.8040742959856203,0.7687411598302687
0.365,671,296,30,417,0.6938986556359876,0.9572039942938659,0.8045563549160671,0.7694483734087695
0.37,670,294,31,419,0.6950207468879668,0.9557774607703281,0.8048048048048048,0.7701555869872702
0.375,669,292,32,421,0.696149843912591,0.9543509272467903,0.8050541516245487,0.7708628005657708
0.38,669,290,32,423,0.6976016684045881,0.9543509272467903,0.8060240963855422,0.7722772277227723
0.385,669,290,32,423,0.6976016684045881,0.9543509272467903,0.8060240963855422,0.7722772277227723
0.39,668,290,33,423,0.697286012526096,0.9529243937232525,0.805304400241109,0.7715700141442716
0.395,668,290,33,423,0.697286012526096,0.9529243937232525,0.805304400241109,0.7715700141442716
0.4,668,288,33,425,0.698744769874477,0.9529243937232525,0.8062764031382016,0.772984441301273
0.405,667,287,34,426,0.69916142557652,0.9514978601997147,0.8060422960725075,0.772984441301273
0.41000000000000003,666,285,35,428,0.7003154574132492,0.9500713266761769,0.8062953995157386,0.7736916548797736
0.41500000000000004,666,285,35,428,0.7003154574132492,0.9500713266761769,0.8062953995157386,0.7736916548797736
0.42,666,284,35,429,0.7010526315789474,0.9500713266761769,0.8067837674136886,0.7743988684582744
0.425,666,283,35,430,0.7017913593256059,0.9500713266761769,0.8072727272727271,0.7751060820367751
0.43,664,283,37,430,0.7011615628299894,0.9472182596291013,0.8058252427184466,0.7736916548797736
0.435,663,282,38,431,0.7015873015873015,0.9457917261055635,0.8055893074119076,0.7736916548797736
0.44,663,282,38,431,0.7015873015873015,0.9457917261055635,0.8055893074119076,0.7736916548797736
0.445,663,282,38,431,0.7015873015873015,0.9457917261055635,0.8055893074119076,0.7736916548797736
0.45,662,281,39,432,0.7020148462354189,0.9443651925820257,0.805352798053528,0.7736916548797736
0.455,661,281,40,432,0.7016985138004246,0.9429386590584878,0.8046256847230676,0.772984441301273
0.46,661,279,40,434,0.7031914893617022,0.9429386590584878,0.805606337599025,0.7743988684582744
0.465,661,279,40,434,0.7031914893617022,0.9429386590584878,0.805606337599025,0.7743988684582744
0.47000000000000003,658,277,43,436,0.7037433155080214,0.9386590584878745,0.8044009779951101,0.7736916548797736
0.47500000000000003,658,274,43,439,0.7060085836909872,0.9386590584878745,0.8058787507654623,0.7758132956152758
0.48,658,274,43,439,0.7060085836909872,0.9386590584878745,0.8058787507654623,0.7758132956152758
0.485,655,274,46,439,0.7050592034445641,0.9343794579172611,0.8036809815950922,0.7736916548797736
0.49,655,274,46,439,0.7050592034445641,0.9343794579172611,0.8036809815950922,0.7736916548797736
0.495,655,272,46,441,0.7065803667745415,0.9343794579172611,0.8046683046683046,0.7751060820367751
0.5,655,267,46,446,0.710412147505423,0.9343794579172611,0.807147258163894,0.7786421499292786
0.505,655,262,46,451,0.7142857142857143,0.9343794579172611,0.8096415327564895,0.7821782178217822
0.51,654,261,47,452,0.7147540983606557,0.9329529243937232,0.8094059405940595,0.7821782178217822
0.515,653,256,48,457,0.7183718371837183,0.9315263908701854,0.8111801242236024,0.785007072135785
0.52,653,254,48,459,0.7199558985667034,0.9315263908701854,0.8121890547263682,0.7864214992927864
0.525,653,254,48,459,0.7199558985667034,0.9315263908701854,0.8121890547263682,0.7864214992927864
0.53,652,252,49,461,0.7212389380530974,0.9300998573466477,0.8124610591900311,0.7871287128712872
0.535,649,248,52,465,0.7235228539576366,0.9258202567760342,0.8122653316645808,0.7878359264497878
0.54,647,245,54,468,0.7253363228699552,0.9229671897289586,0.8123038292529818,0.7885431400282885
0.545,647,243,54,470,0.7269662921348314,0.9229671897289586,0.8133249528598365,0.78995756718529
0.55,646,241,55,472,0.7282976324689966,0.9215406562054208,0.8136020151133502,0.7906647807637907
0.555,644,239,57,474,0.7293318233295584,0.9186875891583453,0.8131313131313131,0.7906647807637907
0.56,640,232,61,481,0.7339449541284404,0.912981455064194,0.813731722822632,0.7927864214992928
0.5650000000000001,639,231,62,482,0.7344827586206897,0.9115549215406562,0.813494589433482,0.7927864214992928
0.5700000000000001,638,227,63,486,0.7375722543352601,0.9101283880171184,0.8148148148148148,0.7949080622347949
0.5750000000000001,636,222,65,491,0.7412587412587412,0.9072753209700428,0.8159076330981399,0.7970297029702971
0.58,633,219,68,494,0.7429577464788732,0.9029957203994294,0.815196394075982,0.7970297029702971
0.585,630,215,71,498,0.7455621301775148,0.8987161198288159,0.8150064683053041,0.7977369165487977
0.59,626,211,75,502,0.7479091995221028,0.8930099857346647,0.8140442132639791,0.7977369165487977
0.595,625,205,76,508,0.7530120481927711,0.891583452211127,0.8164598301763554,0.8012729844413012
0.6,621,201,80,512,0.7554744525547445,0.8858773181169758,0.8154957321076822,0.8012729844413012
0.605,618,195,83,518,0.7601476014760148,0.8815977175463623,0.8163804491413474,0.8033946251768034
0.61,617,185,84,528,0.7693266832917706,0.8801711840228246,0.8210246174318031,0.8097595473833098
0.615,614,177,87,536,0.7762326169405815,0.8758915834522111,0.8230563002680964,0.8132956152758133
0.62,611,172,90,541,0.7803320561941252,0.8716119828815977,0.8234501347708894,0.8147100424328148
0.625,607,169,94,544,0.7822164948453608,0.8659058487874465,0.8219363574813812,0.814002828854314
0.63,603,162,98,551,0.788235294117647,0.8601997146932953,0.8226466575716234,0.8161244695898161
0.635,601,158,100,555,0.7918313570487484,0.8573466476462197,0.8232876712328768,0.8175388967468176
0.64,599,155,102,558,0.7944297082228117,0.854493580599144,0.8233676975945018,0.8182461103253182
0.645,597,153,104,560,0.796,0.8516405135520685,0.8228807718814611,0.8182461103253182
0.65,596,151,105,562,0.7978580990629184,0.8502139800285307,0.8232044198895028,0.8189533239038189
0.655,594,149,107,564,0.7994616419919246,0.8473609129814551,0.8227146814404432,0.8189533239038189
0.66,592,144,109,569,0.8043478260869565,0.8445078459343794,0.823938761308281,0.8210749646393211
0.665,588,142,113,571,0.8054794520547945,0.8388017118402282,0.8218029350104822,0.8196605374823197
0.67,584,137,117,576,0.8099861303744799,0.833095577746077,0.8213783403656821,0.8203677510608204
0.675,583,130,118,583,0.8176718092566619,0.8316690442225392,0.8246110325318246,0.8246110325318247
0.68,582,128,119,585,0.819718309859155,0.8302425106990015,0.8249468462083629,0.8253182461103253
0.685,577,126,124,587,0.8207681365576103,0.8231098430813124,0.821937321937322,0.8231966053748232
0.6900000000000001,576,123,125,590,0.8240343347639485,0.8216833095577746,0.822857142857143,0.8246110325318247
0.6950000000000001,576,122,125,591,0.8252148997134671,0.8216833095577746,0.823445318084346,0.8253182461103253
0.7000000000000001,575,118,126,595,0.8297258297258298,0.8202567760342369,0.8249641319942612,0.8274398868458275
0.705,574,116,127,597,0.8318840579710145,0.818830242510699,0.8253055355859095,0.8281471004243282
0.71,573,116,128,597,0.8316400580551524,0.8174037089871612,0.8244604316546762,0.8274398868458275
0.715,573,115,128,598,0.8328488372093024,0.8174037089871612,0.8250539956803455,0.8281471004243282
0.72,571,115,130,598,0.8323615160349854,0.8145506419400856,0.8233597692862293,0.8267326732673267
0.725,571,113,130,600,0.8347953216374269,0.8145506419400856,0.8245487364620938,0.8281471004243282
0.73,571,108,130,605,0.8409425625920471,0.8145506419400856,0.827536231884058,0.8316831683168316
0.735,569,107,132,606,0.841715976331361,0.81169757489301,0.8264342774146696,0.830975954738331
0.74,568,107,133,606,0.8414814814814815,0.8102710413694721,0.8255813953488372,0.8302687411598303
0.745,568,107,133,606,0.8414814814814815,0.8102710413694721,0.8255813953488372,0.8302687411598303
0.75,566,105,135,608,0.8435171385991058,0.8074179743223966,0.8250728862973762,0.8302687411598303
0.755,563,103,138,610,0.8453453453453453,0.8031383737517832,0.8237015362106803,0.8295615275813296
0.76,561,103,140,610,0.8448795180722891,0.8002853067047075,0.8219780219780219,0.8281471004243282
0.765,557,100,144,613,0.84779299847793,0.7945791726105563,0.8203240058910162,0.8274398868458275
0.77,556,97,145,616,0.8514548238897397,0.7931526390870185,0.8212703101920236,0.8288543140028288
0.775,554,95,147,618,0.8536209553158706,0.7902995720399429,0.8207407407407408,0.8288543140028288
0.78,551,90,150,623,0.859594383775351,0.7860199714693296,0.8211624441132638,0.8302687411598303
0.785,548,87,153,626,0.862992125984252,0.7817403708987162,0.8203592814371258,0.8302687411598303
0.79,545,84,156,629,0.8664546899841018,0.7774607703281027,0.819548872180451,0.8302687411598303
0.795,544,83,157,630,0.8676236044657097,0.776034236804565,0.819277108433735,0.8302687411598303
0.8,541,81,160,632,0.8697749196141479,0.7717546362339515,0.817838246409675,0.8295615275813296
0.805,539,76,162,637,0.8764227642276423,0.7689015691868759,0.8191489361702128,0.8316831683168316
0.81,535,75,166,638,0.8770491803278688,0.7631954350927247,0.8161708619374524,0.8295615275813296
0.8150000000000001,532,73,169,640,0.8793388429752066,0.7589158345221113,0.8147013782542113,0.8288543140028288
0.8200000000000001,529,73,172,640,0.8787375415282392,0.7546362339514978,0.8119723714504988,0.8267326732673267
0.8250000000000001,525,72,176,641,0.8793969849246231,0.7489300998573466,0.8089368258859785,0.8246110325318247
0.8300000000000001,521,69,180,644,0.8830508474576271,0.7432239657631954,0.8071262587141751,0.8239038189533239
0.835,517,68,184,645,0.8837606837606837,0.7375178316690443,0.8040435458786936,0.8217821782178217
0.84,513,68,188,645,0.882960413080895,0.7318116975748931,0.8003120124804993,0.8189533239038189
0.845,511,66,190,647,0.8856152512998267,0.7289586305278174,0.7996870109546166,0.8189533239038189
0.85,505,66,196,647,0.8844133099824869,0.7203994293865906,0.7940251572327045,0.8147100424328148
0.855,502,66,199,647,0.8838028169014085,0.7161198288159771,0.7911741528762806,0.8125884016973126
0.86,498,62,203,651,0.8892857142857142,0.7104136947218259,0.7898493259318001,0.8125884016973126
0.865,497,59,204,654,0.8938848920863309,0.7089871611982882,0.790771678599841,0.814002828854314
0.87,493,56,208,657,0.8979963570127505,0.703281027104137,0.7888000000000001,0.8132956152758133
0.875,487,54,214,659,0.9001848428835489,0.6947218259629101,0.7842190016103059,0.8104667609618105
0.88,483,53,218,660,0.9011194029850746,0.6890156918687589,0.7809215844785772,0.8083451202263083
0.885,479,49,222,664,0.9071969696969697,0.6833095577746077,0.7794955248169243,0.8083451202263083
0.89,474,45,227,668,0.9132947976878613,0.6761768901569187,0.7770491803278688,0.8076379066478077
0.895,466,42,235,671,0.9173228346456693,0.6647646219686163,0.7708850289495451,0.804101838755304
0.9,457,39,244,674,0.9213709677419355,0.651925820256776,0.7635756056808688,0.7998585572842999
0.905,449,36,252,677,0.9257731958762887,0.6405135520684736,0.7571669477234401,0.7963224893917963
0.91,446,36,255,677,0.9253112033195021,0.6362339514978602,0.7540152155536771,0.7942008486562943
0.915,435,32,266,681,0.9314775160599572,0.6205420827389444,0.7448630136986301,0.7892503536067893
0.92,424,30,277,683,0.933920704845815,0.6048502139800286,0.7341991341991343,0.7828854314002829
0.925,417,29,284,684,0.9349775784753364,0.5948644793152639,0.7271142109851787,0.7786421499292786
0.93,410,27,291,686,0.9382151029748284,0.5848787446504993,0.7205623901581723,0.7751060820367751
0.935,401,27,300,686,0.9369158878504673,0.572039942938659,0.7103631532329495,0.7687411598302687
0.9400000000000001,394,24,307,689,0.9425837320574163,0.5620542082738944,0.7042001787310098,0.7659123055162659
0.9450000000000001,376,23,325,690,0.9423558897243107,0.536376604850214,0.6836363636363636,0.7538896746817539
0.9500000000000001,365,20,336,693,0.948051948051948,0.5206847360912982,0.6721915285451197,0.7482319660537482
0.9550000000000001,352,18,349,695,0.9513513513513514,0.5021398002853067,0.6573295985060691,0.7404526166902404
0.96,341,18,360,695,0.9498607242339833,0.4864479315263909,0.6433962264150944,0.7326732673267327
0.965,331,17,370,696,0.9511494252873564,0.47218259629101283,0.6310772163965682,0.7263083451202264
0.97,315,16,386,697,0.9516616314199395,0.44935805991440797,0.6104651162790697,0.7157001414427157
0.975,292,12,409,701,0.9605263157894737,0.4165477888730385,0.581094527363184,0.7022630834512023
0.98,268,9,433,704,0.9675090252707581,0.38231098430813126,0.5480572597137013,0.6874115983026874
0.985,240,7,461,706,0.97165991902834,0.34236804564907275,0.5063291139240506,0.669024045261669
0.99,190,6,511,707,0.9693877551020408,0.2710413694721826,0.4236343366778149,0.6343705799151343
0.995,93,3,608,710,0.96875,0.1326676176890157,0.23337515683814306,0.5678925035360679
1.0,0,0,701,713,,0.0,,0.5042432814710043
