mission,star_id,object_id,label,n_kois_on_star,file,cadence_min,binned_20s,masked_with_flux,pct_masked,status,period_d,duration_h,n_in_transit,transit_observed,depth_snr,global_coverage,local_coverage,drift_h,ephemeris_reliable
Kepler,8120608,K00571.01,CONFIRMED,5,kepler_KIC8120608_Kepler-186f_habitable_earth_size.csv,29.426,False,147,3.3,ok,7.2673,2.27,53.0,True,16.7,1.0,1.0,0.04,True
Kepler,8120608,K00571.02,CONFIRMED,5,kepler_KIC8120608_Kepler-186f_habitable_earth_size.csv,29.426,False,147,3.3,ok,13.343,2.74,25.0,True,15.6,1.0,1.0,0.05,True
Kepler,8120608,K00571.03,CONFIRMED,5,kepler_KIC8120608_Kepler-186f_habitable_earth_size.csv,29.426,False,147,3.3,ok,3.8868,1.76,77.0,True,13.3,1.0,1.0,0.05,True
Kepler,8120608,K00571.04,CONFIRMED,5,kepler_KIC8120608_Kepler-186f_habitable_earth_size.csv,29.426,False,147,3.3,ok,22.4078,3.29,22.0,True,11.6,1.0,1.0,0.09,True
Kepler,8120608,K00571.05,CONFIRMED,5,kepler_KIC8120608_Kepler-186f_habitable_earth_size.csv,29.426,False,147,3.3,ok,129.9454,5.79,12.0,True,6.8,0.699,0.896,0.3,True
Kepler,8311864,K07016.01,CONFIRMED,1,kepler_KIC8311864_Kepler-452b_earth_analog.csv,29.426,False,214,4.8,ok,384.8476,9.97,0.0,False,,0.249,0.0,0.45,True
Kepler,10593626,K00087.01,CONFIRMED,1,kepler_KIC10593626_Kepler-22b_first_habitable.csv,29.425,False,248,5.5,ok,289.8641,7.57,0.0,False,,0.33,0.0,0.09,True
Kepler,9002278,K00701.01,CONFIRMED,5,kepler_KIC9002278_Kepler-62f_multi_habitable.csv,29.425,False,228,5.1,ok,18.1641,2.94,28.0,True,28.8,1.0,1.0,0.02,True
Kepler,9002278,K00701.02,CONFIRMED,5,kepler_KIC9002278_Kepler-62f_multi_habitable.csv,29.425,False,228,5.1,ok,5.7149,2.36,70.0,True,21.5,1.0,1.0,0.03,True
Kepler,9002278,K00701.03,CONFIRMED,5,kepler_KIC9002278_Kepler-62f_multi_habitable.csv,29.425,False,228,5.1,ok,122.3859,7.12,14.0,True,21.2,0.744,0.95,0.11,True
Kepler,9002278,K00701.05,CONFIRMED,5,kepler_KIC9002278_Kepler-62f_multi_habitable.csv,29.425,False,228,5.1,ok,12.4418,3.57,50.0,True,3.6,1.0,1.0,0.38,True
Kepler,9002278,K00701.04,CONFIRMED,5,kepler_KIC9002278_Kepler-62f_multi_habitable.csv,29.425,False,228,5.1,ok,267.2825,7.79,15.0,True,13.2,0.347,0.856,0.26,True
Kepler,4138008,K04742.01,CONFIRMED,1,kepler_KIC4138008_Kepler-442b_habitable.csv,29.426,False,178,4.0,ok,112.3031,5.87,12.0,True,1.5,0.849,0.995,0.39,True
Kepler,11904151,K00072.01,CONFIRMED,2,kepler_KIC11904151_Kepler-10c_rocky_lava.csv,29.425,False,349,7.7,ok,0.8375,1.8,383.0,True,55.0,1.0,1.0,0.01,True
Kepler,11904151,K00072.02,CONFIRMED,2,kepler_KIC11904151_Kepler-10c_rocky_lava.csv,29.425,False,349,7.7,ok,45.2942,6.83,22.0,True,41.4,0.968,0.97,0.03,True
Kepler,12644769,K01611.01,FALSE POSITIVE,1,kepler_KIC12644769_Kepler-16b_circumbinary_tatooine.csv,29.425,False,597,13.1,ok,41.0776,6.21,22.0,True,1533.5,0.998,0.99,0.0,True
Kepler,6444896,K03138.02,CONFIRMED,2,kepler_KIC6444896_Kepler-1649c_earth_size_habitable.csv,29.426,False,78,1.8,ok,19.5353,1.01,10.0,True,2.4,0.495,0.348,0.16,True
Kepler,6444896,K03138.01,CONFIRMED,2,kepler_KIC6444896_Kepler-1649c_earth_size_habitable.csv,29.426,False,78,1.8,ok,8.6891,1.16,25.0,True,3.7,1.0,1.0,0.12,True
Kepler,10872983,K00756.01,CONFIRMED,3,kepler_KIC10872983_KOI_K00756.03_confirmed_small.csv,29.425,False,168,3.8,ok,11.0943,4.59,64.0,True,19.9,1.0,1.0,0.05,True
Kepler,10872983,K00756.02,CONFIRMED,3,kepler_KIC10872983_KOI_K00756.03_confirmed_small.csv,29.425,False,168,3.8,ok,4.1344,3.14,125.0,True,16.2,1.0,1.0,0.06,True
Kepler,10872983,K00756.03,CONFIRMED,3,kepler_KIC10872983_KOI_K00756.03_confirmed_small.csv,29.425,False,168,3.8,ok,2.5666,2.43,168.0,True,7.7,1.0,1.0,0.16,True
Kepler,10984090,K00112.02,CONFIRMED,2,kepler_KIC10984090_KOI_K00112.02_confirmed_small.csv,29.425,False,308,6.8,ok,3.7092,2.63,130.0,True,11.9,1.0,1.0,0.05,True
Kepler,10984090,K00112.01,CONFIRMED,2,kepler_KIC10984090_KOI_K00112.02_confirmed_small.csv,29.425,False,308,6.8,ok,51.0793,6.37,25.0,True,35.6,0.996,1.0,0.03,True
Kepler,10601284,K00749.01,CONFIRMED,3,kepler_KIC10601284_KOI_K00749.02_confirmed_small.csv,29.425,False,77,1.7,ok,5.3496,3.03,101.0,True,15.0,1.0,1.0,0.04,True
Kepler,10601284,K00749.02,CONFIRMED,3,kepler_KIC10601284_KOI_K00749.02_confirmed_small.csv,29.425,False,77,1.7,ok,3.9411,2.6,114.0,True,5.9,1.0,1.0,0.08,True
Kepler,10601284,K00749.03,CONFIRMED,3,kepler_KIC10601284_KOI_K00749.02_confirmed_small.csv,29.425,False,77,1.7,ok,8.109,3.6,72.0,True,3.7,1.0,1.0,0.23,True
Kepler,12110942,K00786.01,CONFIRMED,1,kepler_KIC12110942_KOI_K00786.01_confirmed_small.csv,29.425,False,276,6.1,ok,3.6899,2.66,133.0,True,7.7,1.0,1.0,0.06,True
Kepler,10848459,K00754.01,FALSE POSITIVE,1,kepler_KIC10848459_KOI_K00754.01_falsepositive.csv,29.425,False,160,3.6,ok,1.737,2.41,223.0,True,139.5,0.902,0.896,0.0,True
Kepler,6721123,K00114.01,FALSE POSITIVE,1,kepler_KIC6721123_KOI_K00114.01_falsepositive.csv,29.426,False,167,3.7,ok,7.3618,5.02,138.0,True,-0.7,1.0,1.0,0.08,True
Kepler,10419211,K00742.01,FALSE POSITIVE,1,kepler_KIC10419211_KOI_K00742.01_falsepositive.csv,29.425,False,152,3.4,ok,11.5214,3.64,54.0,True,178.3,1.0,1.0,0.0,True
Kepler,10464078,K00743.01,FALSE POSITIVE,1,kepler_KIC10464078_KOI_K00743.01_falsepositive.csv,29.425,False,100,2.3,ok,19.4039,12.22,124.0,True,202.7,1.0,1.0,0.03,True
Kepler,10480982,K00744.01,FALSE POSITIVE,2,kepler_KIC10480982_KOI_K00744.01_falsepositive.csv,29.425,False,211,4.7,ok,19.2214,4.8,46.0,True,774.8,1.0,1.0,0.0,True
Kepler,10480982,K00744.02,FALSE POSITIVE,2,kepler_KIC10480982_KOI_K00744.01_falsepositive.csv,29.425,False,211,4.7,ok,2.0375,2.9,256.0,True,7.7,1.0,1.0,0.19,True
Kepler,10485250,K00745.01,FALSE POSITIVE,1,kepler_KIC10485250_KOI_K00745.01_falsepositive.csv,29.425,False,160,3.6,ok,16.4698,9.44,106.0,True,166.1,1.0,1.0,0.02,True
Kepler,9579641,K00115.01,CONFIRMED,3,kepler_KIC9579641_KOI_K00115.03_candidate.csv,29.425,False,502,11.0,ok,5.4122,2.95,87.0,True,46.0,1.0,1.0,0.02,True
Kepler,9579641,K00115.02,CONFIRMED,3,kepler_KIC9579641_KOI_K00115.03_candidate.csv,29.425,False,502,11.0,ok,7.1259,3.0,65.0,True,12.5,1.0,1.0,0.05,True
Kepler,9579641,K00115.03,CANDIDATE,3,kepler_KIC9579641_KOI_K00115.03_candidate.csv,29.425,False,502,11.0,ok,3.4359,3.13,157.0,True,4.1,1.0,1.0,0.37,True
Kepler,8552202,K00914.01,CANDIDATE,1,kepler_KIC8552202_KOI_K00914.01_candidate.csv,29.425,False,193,4.3,ok,3.8867,3.16,151.0,True,16.1,1.0,1.0,0.05,True
Kepler,9140402,K00928.01,CANDIDATE,1,kepler_KIC9140402_KOI_K00928.01_candidate.csv,29.425,False,193,4.3,ok,2.4942,1.12,79.0,True,11.4,1.0,1.0,0.01,True
Kepler,9347899,K00935.01,CONFIRMED,4,kepler_KIC9347899_KOI_K00935.04_candidate.csv,29.425,False,185,4.1,ok,20.8602,5.19,40.0,True,32.8,0.999,1.0,0.03,True
Kepler,9347899,K00935.02,CONFIRMED,4,kepler_KIC9347899_KOI_K00935.04_candidate.csv,29.425,False,185,4.1,ok,42.6343,6.2,23.0,True,23.9,0.994,1.0,0.05,True
Kepler,9347899,K00935.03,CONFIRMED,4,kepler_KIC9347899_KOI_K00935.04_candidate.csv,29.425,False,185,4.1,ok,87.6476,8.87,18.0,True,8.4,0.933,0.93,0.13,True
Kepler,9347899,K00935.04,CANDIDATE,4,kepler_KIC9347899_KOI_K00935.04_candidate.csv,29.425,False,185,4.1,ok,9.6173,3.87,78.0,True,3.0,1.0,1.0,0.09,True
TESS,150428135,TOI 700.01,CONFIRMED,4,tess_TIC150428135_TOI-700_01_CP.csv,2.0,False,0,0.0,ok,16.0511,1.4,42.0,True,9.3,0.925,1.0,0.03,True
TESS,150428135,TOI 700.02,CONFIRMED,4,tess_TIC150428135_TOI-700_01_CP.csv,2.0,False,0,0.0,ok,37.4237,3.37,101.0,True,1.7,0.693,1.0,0.1,True
TESS,150428135,TOI 700.03,CONFIRMED,4,tess_TIC150428135_TOI-700_01_CP.csv,2.0,False,0,0.0,ok,9.9773,2.26,199.0,True,3.2,1.0,1.0,0.05,True
TESS,150428135,TOI 700.04,CONFIRMED,4,tess_TIC150428135_TOI-700_01_CP.csv,2.0,False,0,0.0,ok,27.8097,2.96,89.0,True,4.7,0.926,1.0,0.14,True
TESS,259377017,TOI 270.01,CONFIRMED,3,tess_TIC259377017_TOI-270_01_CP.csv,2.0,False,9,3.8,ok,5.6605,1.66,99.0,True,24.1,0.99,0.891,0.02,True
TESS,259377017,TOI 270.02,CONFIRMED,3,tess_TIC259377017_TOI-270_01_CP.csv,2.0,False,9,3.8,ok,11.3797,2.05,123.0,True,24.5,0.835,0.95,0.05,True
TESS,259377017,TOI 270.03,CONFIRMED,3,tess_TIC259377017_TOI-270_01_CP.csv,2.0,False,9,3.8,ok,3.3602,1.33,238.0,True,9.9,1.0,1.0,0.08,True
TESS,271971130,TOI 715.01,CONFIRMED,1,tess_TIC271971130_TOI-715_01_CP.csv,2.0,False,0,0.0,ok,19.288,2.18,130.0,True,2.0,0.942,1.0,0.04,True
TESS,260128333,TOI 1338.01,CONFIRMED,1,tess_TIC260128333_TOI-1338_01_CP.csv,2.0,False,0,7.9,ok,95.174,11.63,0.0,False,,0.216,0.0,,
TESS,377064495,TOI 561.01,CONFIRMED,4,tess_TIC377064495_TOI-561_01_CP.csv,2.0,False,0,1.6,ok,10.7788,3.42,204.0,True,23.4,0.935,1.0,0.13,True
TESS,377064495,TOI 561.02,CONFIRMED,4,tess_TIC377064495_TOI-561_01_CP.csv,2.0,False,0,1.6,ok,0.4466,1.08,1252.0,True,13.0,1.0,1.0,0.07,True
TESS,377064495,TOI 561.03,CONFIRMED,4,tess_TIC377064495_TOI-561_01_CP.csv,2.0,False,0,1.6,ok,25.7122,5.97,130.0,True,8.7,0.655,0.925,0.43,True
TESS,377064495,TOI 561.04,CONFIRMED,4,tess_TIC377064495_TOI-561_01_CP.csv,2.0,False,0,1.6,failed: ValueError: TOI 561.04: invalid period (nan),,,,,,,,,
TESS,33595516,TOI 849.01,CONFIRMED,1,tess_TIC33595516_TOI-849_01_CP.csv,0.333,True,2345,15.2,ok,0.7657,1.45,2349.0,True,-2.3,1.0,1.0,12.24,False
TESS,182943944,TOI 1017.01,FALSE POSITIVE,1,tess_TIC182943944_TOI-1017_01_FP.csv,2.0,False,0,2.5,ok,1.1042,2.37,1430.0,True,13.3,1.0,1.0,2.08,False
TESS,291555748,TOI 1018.01,FALSE POSITIVE,1,tess_TIC291555748_TOI-1018_01_FP.csv,2.0,False,0,0.0,ok,4.9591,2.51,452.0,True,54.8,1.0,1.0,0.57,True
TESS,341420329,TOI 1019.01,CANDIDATE,1,tess_TIC341420329_TOI-1019_01_PC.csv,2.0,False,0,2.5,ok,5.2341,3.71,553.0,True,260.4,1.0,1.0,0.0,True
TESS,149603524,TOI 102.01,CONFIRMED,1,tess_TIC149603524_TOI-102_01_KP.csv,2.0,False,0,0.0,ok,4.4119,3.63,599.0,True,360.2,1.0,1.0,0.04,True
TESS,20318757,TOI 1027.01,CANDIDATE,3,tess_TIC20318757_TOI-1027_01_PC.csv,0.333,True,3339,14.2,ok,3.2835,1.54,353.0,True,21.9,1.0,1.0,0.04,True
TESS,20318757,TOI 1027.02,CANDIDATE,3,tess_TIC20318757_TOI-1027_01_PC.csv,0.333,True,3339,14.2,ok,11.0288,2.71,157.0,True,14.6,1.0,1.0,0.09,True
TESS,20318757,TOI 1027.03,CANDIDATE,3,tess_TIC20318757_TOI-1027_01_PC.csv,0.333,True,3339,14.2,ok,5.0113,1.02,153.0,True,12.1,1.0,1.0,0.08,True
TESS,146589986,TOI 1032.01,CANDIDATE,1,tess_TIC146589986_TOI-1032_01_PC.csv,0.333,True,3991,12.0,ok,5.6644,3.81,457.0,True,51.9,1.0,1.0,0.02,True
TESS,317060587,TOI 1052.01,CONFIRMED,1,tess_TIC317060587_TOI-1052_01_CP.csv,2.0,False,0,0.0,ok,9.1398,3.09,273.0,True,7.5,1.0,1.0,0.06,True
TESS,366989877,TOI 1054.01,CONFIRMED,1,tess_TIC366989877_TOI-1054_01_CP.csv,2.0,False,2215,11.4,ok,15.5078,4.57,273.0,True,22.6,0.942,1.0,0.72,True
