star,depth_ppm,period,duration_d,planet_like_score,depth_snr,measured_depth_ppm,status
2708156,0,12.679648967224706,0.166961151930359,0.32198774814605713,-8.056450518847827,-3751.478539543607,ok
2708156,5,12.679648967224706,0.166961151930359,0.32201704382896423,-8.046017100020773,-3746.6202279667905,ok
2708156,10,12.679648967224706,0.166961151930359,0.32162702083587646,-8.035583681192763,-3741.76191638953,ok
2708156,20,12.679648967224706,0.166961151930359,0.3216935992240906,-8.014716843538654,-3732.045293235897,ok
2708156,40,12.679648967224706,0.166961151930359,0.3217564821243286,-7.972983168229481,-3712.6120469281877,ok
2708156,80,12.679648967224706,0.166961151930359,0.3219386041164398,-7.889515817611612,-3673.7455543129904,ok
2708156,160,12.679648967224706,0.166961151930359,0.3221806585788727,-7.7225811163763485,-3596.012569082818,ok
2708156,320,12.679648967224706,0.166961151930359,0.32251298427581787,-7.388711713904392,-3440.546598621808,ok
3324069,0,33.12635240198837,0.22995219608241166,0.8792513012886047,2.2583244660809494,19.642831337041144,ok
3324069,5,33.12635240198837,0.22995219608241166,0.8783919215202332,2.6788949558199313,23.300939513859475,ok
3324069,10,33.12635240198837,0.22995219608241166,0.8785536885261536,3.099465445558913,26.959047690677806,ok
3324069,20,33.12635240198837,0.22995219608241166,0.8755661845207214,3.940606425024112,34.275264044203446,ok
3324069,40,33.12635240198837,0.22995219608241166,0.8714330792427063,5.6228883839289825,48.90769675103268,ok
3324069,80,33.12635240198837,0.22995219608241166,0.9524291753768921,9.74320853516822,84.60278216060324,ok
3324069,160,33.12635240198837,0.22995219608241166,0.9938069581985474,18.12200854181436,157.35805463279462,ok
3324069,320,33.12635240198837,0.22995219608241166,0.9984599947929382,34.12715457162228,296.3348483779882,ok
3858949,0,29.9567394920364,0.22237085704148565,0.5973407626152039,-3.202553502968826,-56.572285892064755,ok
3858949,5,29.9567394920364,0.22237085704148565,0.5965948700904846,-2.96049127568679,-52.29631875747209,ok
3858949,10,29.9567394920364,0.22237085704148565,0.5966194272041321,-2.708211928521228,-47.83986882173075,ok
3858949,20,29.9567394920364,0.22237085704148565,0.5962876677513123,-2.1471413949281124,-37.92870180996388,ok
3858949,40,29.9567394920364,0.22237085704148565,0.581637442111969,-1.1635486577472023,-20.553788486088465,ok
3858949,80,29.9567394920364,0.22237085704148565,0.5967174768447876,0.9355224459714899,16.525763963937123,ok
3858949,160,29.9567394920364,0.22237085704148565,0.6733896136283875,4.887276234808308,86.33248066980403,ok
3858949,320,29.9567394920364,0.22237085704148565,0.93883216381073,12.61084236698933,222.76729461778723,ok
4384652,0,5.040425211323523,0.12276335460588397,0.8501865267753601,-0.11150905486015492,-0.690788275470311,ok
4384652,5,5.040425211323523,0.12276335460588397,0.8184075951576233,0.63137064752846,3.911282732471655,ok
4384652,10,5.040425211323523,0.12276335460588397,0.8301854133605957,1.295245115903872,8.02392362708737,ok
4384652,20,5.040425211323523,0.12276335460588397,0.850217878818512,2.679882668337178,16.594836483085906,ok
4384652,40,5.040425211323523,0.12276335460588397,0.9057663679122925,5.600145125655161,34.67819458657928,ok
4384652,80,5.040425211323523,0.12276335460588397,0.9794508218765259,11.146079442090752,68.99249506331361,ok
4384652,160,5.040425211323523,0.12276335460588397,0.9961928725242615,22.921854827139114,141.8827098998987,ok
4384652,320,5.040425211323523,0.12276335460588397,0.9920422434806824,46.01083371595056,284.8364768806011,ok
4568298,0,27.325021550396926,0.21565847343955294,0.8044028282165527,1.9146658698217314,60.17181217443657,ok
4568298,5,27.325021550396926,0.21565847343955294,0.8073996305465698,2.072911472982203,65.14496433684957,ok
4568298,10,27.325021550396926,0.21565847343955294,0.8150186538696289,1.9080283485694949,59.867960785608965,ok
4568298,20,27.325021550396926,0.21565847343955294,0.8222869038581848,2.226444436982733,69.85886155441712,ok
4568298,40,27.325021550396926,0.21565847343955294,0.8455625176429749,2.863276613823362,89.84066309247751,ok
4568298,80,27.325021550396926,0.21565847343955294,0.8805866241455078,3.740211437310923,117.35613458085936,ok
4568298,160,27.325021550396926,0.21565847343955294,0.9231550693511963,5.981442824725963,187.67896438254272,ok
4568298,320,27.325021550396926,0.21565847343955294,0.9868823289871216,10.273744171887117,321.8474890375189,ok
5553959,0,19.007339259777126,0.1910821552509673,0.6038254499435425,0.9527892866467762,16.909494361949662,ok
5553959,5,19.007339259777126,0.1910821552509673,0.6057108640670776,1.1628081344895764,20.636774436644245,ok
5553959,10,19.007339259777126,0.1910821552509673,0.6065864562988281,1.3728269823198653,24.364054511116784,ok
5553959,20,19.007339259777126,0.1910821552509673,0.6076846718788147,1.7131280292981663,30.40349966010325,ok
5553959,40,19.007339259777126,0.1910821552509673,0.6020768880844116,2.670188041384216,47.38878812338143,ok
5553959,80,19.007339259777126,0.1910821552509673,0.5929080843925476,4.785541111710693,84.93072034021498,ok
5553959,160,19.007339259777126,0.1910821552509673,0.7689223885536194,8.447902853557451,149.81134209024472,ok
5553959,320,19.007339259777126,0.1910821552509673,0.9031844139099121,16.666300393849568,294.83812535746614,ok
5683219,0,18.643032910994727,0.1898534722430371,0.8896403908729553,-1.1379804759659151,-8.550980651444995,ok
5683219,5,18.643032910994727,0.1898534722430371,0.8991116881370544,-0.62735534463363,-4.71405575652728,ok
5683219,10,18.643032910994727,0.1898534722430371,0.9131430983543396,-0.015906676684271617,-0.1195254992758521,ok
5683219,20,18.643032910994727,0.1898534722430371,0.9267801642417908,1.1160198817449796,8.376962327694137,ok
5683219,40,18.643032910994727,0.1898534722430371,0.9322522878646851,3.5095721884649964,26.286867886859966,ok
5683219,80,18.643032910994727,0.1898534722430371,0.9593574404716492,8.194582657708848,61.377826168995675,ok
5683219,160,18.643032910994727,0.1898534722430371,0.9971317052841187,16.75567145642201,125.23349366200253,ok
5683219,320,18.643032910994727,0.1898534722430371,0.9969653487205505,35.33024027023591,264.79203120677306,ok
5802292,0,38.79513024226603,0.24238482533381037,0.7495203018188477,3.8429790150512666,154.56777010403044,ok
5802292,5,38.79513024226603,0.24238482533381037,0.750680148601532,3.961068747978768,159.31743608432748,ok
5802292,10,38.79513024226603,0.24238482533381037,0.7525205612182617,4.079158480906269,164.0671020646245,ok
5802292,20,38.79513024226603,0.24238482533381037,0.7565045356750488,4.315337946761272,173.56643402521854,ok
5802292,40,38.79513024226603,0.24238482533381037,0.767902135848999,4.7876968784657565,192.5650979461846,ok
5802292,80,38.79513024226603,0.24238482533381037,0.7943629622459412,5.717669168434742,229.45314102784664,ok
5802292,160,38.79513024226603,0.24238482533381037,0.8464992642402649,7.478207612378154,299.4338709092492,ok
5802292,320,38.79513024226603,0.24238482533381037,0.9141899347305298,10.707176777219928,428.7245761411817,ok
5881307,0,17.49011882396097,0.18585629512490318,0.6742086410522461,-1.9371836005040977,-38.78863074802119,ok
5881307,5,17.49011882396097,0.18585629512490318,0.6789514422416687,-1.7169731415621197,-34.37931085881196,ok
5881307,10,17.49011882396097,0.18585629512490318,0.6835110187530518,-1.4754373407026014,-29.54298920632148,ok
5881307,20,17.49011882396097,0.18585629512490318,0.7035441398620605,-0.9923657389835643,-19.870345901340514,ok
5881307,40,17.49011882396097,0.18585629512490318,0.7301397919654846,-0.0390287395665875,-0.7814805820238746,ok
5881307,80,17.49011882396097,0.18585629512490318,0.7601913809776306,1.8989465691858998,38.02300270516756,ok
5881307,160,17.49011882396097,0.18585629512490318,0.7637892961502075,5.55380318050403,111.20495793981445,ok
5881307,320,17.49011882396097,0.18585629512490318,0.9768117666244507,12.335922842061466,247.0047526379471,ok
6292162,0,15.800544626154124,0.17966785154982615,0.8673203587532043,0.200853176834688,3.5330427391455643,ok
6292162,5,15.800544626154124,0.17966785154982615,0.8676100373268127,0.4834239464388066,8.503512320845452,ok
6292162,10,15.800544626154124,0.17966785154982615,0.8640307188034058,0.765994716030302,13.473981902323295,ok
6292162,20,15.800544626154124,0.17966785154982615,0.8510518670082092,1.3250384896127818,23.307660294902277,ok
6292162,40,15.800544626154124,0.17966785154982615,0.8390836715698242,2.233600770365561,39.28943075859337,ok
6292162,80,15.800544626154124,0.17966785154982615,0.872042179107666,4.196199059894584,73.81188017141494,ok
6292162,160,15.800544626154124,0.17966785154982615,0.9284497499465942,8.031278510512548,141.2716028433847,ok
6292162,320,15.800544626154124,0.17966785154982615,0.9951542615890503,16.25361525205132,285.6467300227372,ok
6501635,0,35.974748151521425,0.23636270039404872,0.7716234922409058,-0.5927612052336361,-10.390049560715653,ok
6501635,5,35.974748151521425,0.23636270039404872,0.7733110785484314,-0.3082875053598304,-5.403731606179463,ok
6501635,10,35.974748151521425,0.23636270039404872,0.775942325592041,-0.0949303844377684,-1.6612307387475767,ok
6501635,20,35.974748151521425,0.23636270039404872,0.7765774726867676,0.47542058112042074,8.319604812179193,ok
6501635,40,35.974748151521425,0.23636270039404872,0.765523374080658,1.3385754160003958,23.347925313887963,ok
6501635,80,35.974748151521425,0.23636270039404872,0.7502666115760803,3.455528443532997,60.272599552657624,ok
6501635,160,35.974748151521425,0.23636270039404872,0.7928221225738525,7.495646898841506,130.52941756463986,ok
6501635,320,35.974748151521425,0.23636270039404872,0.954323410987854,16.046002085097573,279.42555654969505,ok
7272132,0,14.771424222768852,0.17567925427269326,0.792035698890686,1.1426221484875745,15.270047327597958,ok
7272132,5,14.771424222768852,0.17567925427269326,0.7938875555992126,1.4197909608750403,18.974142236394265,ok
7272132,10,14.771424222768852,0.17567925427269326,0.7937518954277039,1.6969597732458912,22.678237144968527,ok
7272132,20,14.771424222768852,0.17567925427269326,0.7923668026924133,2.348033867480837,31.35422353817141,ok
7272132,40,14.771424222768852,0.17567925427269326,0.7849943041801453,3.7503246803638732,50.07956656732926,ok
7272132,80,14.771424222768852,0.17567925427269326,0.8299967050552368,6.044676530798965,80.71695293132564,ok
7272132,160,14.771424222768852,0.17567925427269326,0.9631486535072327,10.978657759519963,146.535753097643,ok
7272132,320,14.771424222768852,0.17567925427269326,0.995530366897583,21.64719729290697,288.9322563150998,ok
7751562,0,20.423665760383027,0.195715063834246,0.800445556640625,2.4420299045396843,44.354870035956395,ok
7751562,5,20.423665760383027,0.195715063834246,0.7950627207756042,2.6623847575923065,48.357200576942816,ok
7751562,10,20.423665760383027,0.195715063834246,0.7877553105354309,2.9102265593219494,52.85877972827091,ok
7751562,20,20.423665760383027,0.195715063834246,0.7793269157409668,3.405910162781235,61.8619380309271,ok
7751562,40,20.423665760383027,0.195715063834246,0.7824152112007141,4.397277369724256,79.86825463668356,ok
7751562,80,20.423665760383027,0.195715063834246,0.8755205869674683,6.309474013420526,114.59970221505688,ok
7751562,160,20.423665760383027,0.195715063834246,0.949775218963623,10.306724386736532,187.20222050527812,ok
7751562,320,20.423665760383027,0.195715063834246,0.9878617525100708,17.956278907203508,326.14195910452,ok
8015907,0,6.966670412782758,0.13674814504514599,0.8370832204818726,1.1107999332714533,6.628018942800296,ok
8015907,5,6.966670412782758,0.13674814504514599,0.8350315690040588,1.8000332842494071,10.740597247371753,ok
8015907,10,6.966670412782758,0.13674814504514599,0.8376133441925049,2.4586419965823794,14.670441758957153,ok
8015907,20,6.966670412782758,0.13674814504514599,0.8680698871612549,3.8545960642083963,22.99994352283896,ok
8015907,40,6.966670412782758,0.13674814504514599,0.9233502149581909,6.929684831201733,41.34865420235556,ok
8015907,80,6.966670412782758,0.13674814504514599,0.946524977684021,12.746559185717963,76.05729277426754,ok
8015907,160,6.966670412782758,0.13674814504514599,0.9917287230491638,24.605328967991422,146.81724549026055,ok
8015907,320,6.966670412782758,0.13674814504514599,0.9928516745567322,48.45973964116691,289.1538455164211,ok
8073705,0,35.72463792646686,0.2358136647179434,0.7439931631088257,0.08318078194570432,0.39654050842941047,ok
8073705,5,35.72463792646686,0.2358136647179434,0.7245050072669983,0.8737468600141047,4.1601918552292005,ok
8073705,10,35.72463792646686,0.2358136647179434,0.7212510704994202,1.7041425746708545,8.103976123052803,ok
8073705,20,35.72463792646686,0.2358136647179434,0.705105721950531,3.4124825019491416,16.207964303127653,ok
8073705,40,35.72463792646686,0.2358136647179434,0.8226639032363892,7.113856600254941,33.788051299499244,ok
8073705,80,35.72463792646686,0.2358136647179434,0.9949814081192017,14.35492194349193,68.18029463928622,ok
8073705,160,35.72463792646686,0.2358136647179434,0.9974174499511719,29.398152217993243,139.6297860736251,ok
8073705,320,35.72463792646686,0.2358136647179434,0.9963439702987671,59.98410928991223,284.90118310364744,ok
8301013,0,34.42174397373408,0.23291134624688434,0.8276070356369019,-2.150833901788793,-38.480086836933936,ok
8301013,5,34.42174397373408,0.23291134624688434,0.8263341188430786,-1.9131918577412803,-34.22848633749531,ok
8301013,10,34.42174397373408,0.23291134624688434,0.8256283402442932,-1.675549813693768,-29.97688583805669,ok
8301013,20,34.42174397373408,0.23291134624688434,0.8322654962539673,-1.2002657255863323,-21.473684838957396,ok
8301013,40,34.42174397373408,0.23291134624688434,0.846928060054779,-0.24969754938387165,-4.467282840980857,ok
8301013,80,34.42174397373408,0.23291134624688434,0.8566726446151733,1.775496714005616,31.76501341028981,ok
8301013,160,34.42174397373408,0.23291134624688434,0.8125907182693481,6.121652493226246,109.52111147632948,ok
8301013,320,34.42174397373408,0.23291134624688434,0.9341322183609009,13.931216244835248,249.24026462458392,ok
8644545,0,18.04206871399485,0.18779115503875862,0.7636277675628662,-2.3161559062295827,-12.178575350629828,ok
8644545,5,18.04206871399485,0.18779115503875862,0.7587206959724426,-1.4133982053201675,-7.431786650302641,ok
8644545,10,18.04206871399485,0.18779115503875862,0.7594587802886963,-0.5551520899733327,-2.919044240767832,ok
8644545,20,18.04206871399485,0.18779115503875862,0.7515490651130676,1.11372066643331,5.856052703201442,ok
8644545,40,18.04206871399485,0.18779115503875862,0.7854332327842712,4.433905498380742,23.29504078157907,ok
8644545,80,18.04206871399485,0.18779115503875862,0.9548661112785339,11.28498277860914,59.24161046844123,ok
8644545,160,18.04206871399485,0.18779115503875862,0.9967300891876221,24.562989729882577,128.9457944301242,ok
8644545,320,18.04206871399485,0.18779115503875862,0.9964525103569031,52.18570548485907,273.9539170777405,ok
9047416,0,24.95741015696853,0.2092407145400255,0.7029563784599304,10.739418079669592,871.8433618084554,ok
9047416,5,24.95741015696853,0.2092407145400255,0.7025562524795532,10.790636796291384,876.0013802183719,ok
9047416,10,24.95741015696853,0.2092407145400255,0.7023475766181946,10.841855512914542,880.1593986283996,ok
9047416,20,24.95741015696853,0.2092407145400255,0.7020573019981384,10.944292946156757,888.4754354481217,ok
9047416,40,24.95741015696853,0.2092407145400255,0.7023312449455261,11.149167812643922,905.107509087788,ok
9047416,80,24.95741015696853,0.2092407145400255,0.7055111527442932,11.558917545619622,938.3716563672317,ok
9047416,160,24.95741015696853,0.2092407145400255,0.7146259546279907,12.37841701156965,1004.8999509260082,ok
9047416,320,24.95741015696853,0.2092407145400255,0.7441100478172302,14.248259152836651,1156.696765837184,ok
9458343,0,19.212888147887625,0.19176848640289015,0.8381197452545166,2.8326063758683615,21.91067078893827,ok
9458343,5,19.212888147887625,0.19176848640289015,0.8439971208572388,3.3486707949350856,25.902512962416857,ok
9458343,10,19.212888147887625,0.19176848640289015,0.8557373881340027,3.8923361867925865,30.107853147276487,ok
9458343,20,19.212888147887625,0.19176848640289015,0.8717564344406128,5.11037419753373,39.52957516595301,ok
9458343,40,19.212888147887625,0.19176848640289015,0.8922316431999207,7.4603735871511585,57.70720246311978,ok
9458343,80,19.212888147887625,0.19176848640289015,0.9141952991485596,12.012208213126003,92.83455462338885,ok
9458343,160,19.212888147887625,0.19176848640289015,0.9888119697570801,21.214372724059317,163.95210676589667,ok
9458343,320,19.212888147887625,0.19176848640289015,0.9972996711730957,38.98372506435878,301.0150272430012,ok
9700449,0,25.70752672089573,0.21131635987194036,0.7041870355606079,-2.449622558521189,-34.550842751501776,ok
9700449,5,25.70752672089573,0.21131635987194036,0.6970512270927429,-2.0972030986977592,-29.580122141270593,ok
9700449,10,25.70752672089573,0.21131635987194036,0.6947817206382751,-1.7447836388743296,-24.60940153103941,ok
9700449,20,25.70752672089573,0.21131635987194036,0.6857983469963074,-1.039944719219599,-14.667960310466022,ok
9700449,40,25.70752672089573,0.21131635987194036,0.6801936626434326,0.3067505942780022,4.322244034349332,ok
9700449,80,25.70752672089573,0.21131635987194036,0.6841703653335571,2.813203248271547,39.59955008114857,ok
9700449,160,25.70752672089573,0.21131635987194036,0.7697446346282959,7.709605391999143,108.4145147679516,ok
9700449,320,25.70752672089573,0.21131635987194036,0.9703655242919922,18.10258249996531,253.85475004846558,ok
9963461,0,21.428074031938174,0.19887219554117708,0.7214110493659973,-2.7850983641474634,-43.989908280250845,ok
9963461,5,21.428074031938174,0.19887219554117708,0.7232561707496643,-2.4997445522739627,-39.482818630087735,ok
9963461,10,21.428074031938174,0.19887219554117708,0.7226577401161194,-2.214390740400462,-34.975728979924625,ok
9963461,20,21.428074031938174,0.19887219554117708,0.7252888083457947,-1.655384061494756,-26.14636307685103,ok
9963461,40,21.428074031938174,0.19887219554117708,0.7104041576385498,-0.5022678691594596,-7.933191078945967,ok
9963461,80,21.428074031938174,0.19887219554117708,0.7100462913513184,1.7245314116453205,27.23852758712564,ok
9963461,160,21.428074031938174,0.19887219554117708,0.9243330955505371,6.001801516466621,94.79690255265183,ok
9963461,320,21.428074031938174,0.19887219554117708,0.9685813784599304,15.477545595742507,244.46382932996613,ok
11074541,0,15.543938862024472,0.1786899176879742,0.6955961585044861,-0.06836746594912217,-0.37189968205009194,ok
11074541,5,15.543938862024472,0.1786899176879742,0.6845573782920837,0.6164104954922455,3.353098789071751,ok
11074541,10,15.543938862024472,0.1786899176879742,0.680033802986145,1.5097705299445383,8.212724755263245,ok
11074541,20,15.543938862024472,0.1786899176879742,0.6064102649688721,3.2739927773410185,17.809594900497494,ok
11074541,40,15.543938862024472,0.1786899176879742,0.8140783309936523,6.427884305437973,34.96587296691889,ok
11074541,80,15.543938862024472,0.1786899176879742,0.9955282211303711,12.734011301987398,69.26942060359042,ok
11074541,160,15.543938862024472,0.1786899176879742,0.9970526695251465,26.33106023122127,143.23352185263704,ok
11074541,320,15.543938862024472,0.1786899176879742,0.9956359267234802,51.80767822207093,281.8191195338438,ok
11093538,0,11.000265467703535,0.15923825545245635,0.7636140584945679,-0.7443646207190482,-19.751809238743867,ok
11093538,5,11.000265467703535,0.15923825545245635,0.7647576332092285,-0.5600159905678422,-14.860095050805988,ok
11093538,10,11.000265467703535,0.15923825545245635,0.7638369202613831,-0.3756673604166363,-9.96838086286811,ok
11093538,20,11.000265467703535,0.15923825545245635,0.7638937830924988,-0.006970100122592304,-0.18495248721439594,ok
11093538,40,11.000265467703535,0.15923825545245635,0.7539827227592468,0.7304244204780476,19.381904264426097,ok
11093538,80,11.000265467703535,0.15923825545245635,0.7353470325469971,2.1692336377536523,57.5608885948764,ok
11093538,160,11.000265467703535,0.15923825545245635,0.7396761178970337,4.803572221235464,127.46339567659692,ok
11093538,320,11.000265467703535,0.15923825545245635,0.9490954875946045,9.817557430150368,260.5101265605869,ok
11134079,0,4.428352807075847,0.11757827750655812,0.5901549458503723,-0.7462752168060051,-84.70683845573923,ok
11134079,5,4.428352807075847,0.11757827750655812,0.5887442827224731,-0.7086641863047528,-80.43775459354308,ok
11134079,10,4.428352807075847,0.11757827750655812,0.5872340798377991,-0.6710531558015443,-76.16867073112488,ok
11134079,20,4.428352807075847,0.11757827750655812,0.5844578146934509,-0.5958310947970837,-67.63050300651052,ok
11134079,40,4.428352807075847,0.11757827750655812,0.5767812132835388,-0.4453869727862061,-50.55416755705977,ok
11134079,80,4.428352807075847,0.11757827750655812,0.5549382567405701,-0.14449872876836342,-16.401496658602355,ok
11134079,160,4.428352807075847,0.11757827750655812,0.4929482936859131,0.5289501092936845,60.03909878027347,ok
11134079,320,4.428352807075847,0.11757827750655812,0.44491657614707947,1.7775187535454788,201.75933826804825,ok
12254688,0,19.887932972617573,0.19398861313106444,0.724521815776825,0.09276704351690672,0.4747697348594926,ok
12254688,5,19.887932972617573,0.19398861313106444,0.7352178692817688,0.935891343027605,4.78977089213295,ok
12254688,10,19.887932972617573,0.19398861313106444,0.7521603107452393,1.7627172650988492,9.021359060890077,ok
12254688,20,19.887932972617573,0.19398861313106444,0.7553070783615112,3.492296169497119,17.843207083201307,ok
12254688,40,19.887932972617573,0.19398861313106444,0.8362748622894287,6.7398015983708595,34.43570355510239,ok
12254688,80,19.887932972617573,0.19398861313106444,0.9466744661331177,14.014040800732953,71.42308120011708,ok
12254688,160,19.887932972617573,0.19398861313106444,0.9862433671951294,28.183067568966006,143.5167055271469,ok
12254688,320,19.887932972617573,0.19398861313106444,0.988788902759552,55.89923724155871,284.5450763383495,ok
