epoch,train_loss,val_accuracy_3class,val_roc_auc_binary,val_pr_auc_binary
1,0.8389325431249675,0.6647807637906648,0.8509702628783165,0.843600259291811
2,0.6672238915869333,0.7171145685997171,0.8882121913595685,0.8834595083812169
3,0.6325340499577013,0.71004243281471,0.894152413002463,0.8888841061944376
4,0.614600090725908,0.7164073550212164,0.8937782730741297,0.8927658861522259
5,0.6047711817963609,0.7178217821782178,0.8994223839716053,0.896230023845429
6,0.6052135911960046,0.7079207920792079,0.89838199486608,0.8950544909758342
7,0.5909471520521108,0.7043847241867044,0.8989982253362757,0.8985313206232763
8,0.587737311147949,0.7220650636492221,0.9032178034584936,0.9027264276580497
9,0.5840306394887202,0.7107496463932107,0.8995604356029154,0.8985643536774967
10,0.5770452664893808,0.7142857142857143,0.9036339591007037,0.9012004363025252
11,0.5727730020157342,0.7107496463932107,0.9035659336591886,0.9024243697651002
12,0.5762995348393338,0.7227722772277227,0.9043882412022096,0.9043339965325015
13,0.5714182196890266,0.7128712871287128,0.8986941115977376,0.9005015374147876
14,0.5629328428541572,0.7284299858557284,0.8952388193184252,0.896182807351363
15,0.5568248814749486,0.7178217821782178,0.8991182702330671,0.8951690168942488
16,0.5513111755107213,0.7227722772277227,0.9040861282119513,0.9013625040434801
17,0.5276483051406528,0.7248939179632249,0.9030317338684668,0.9025415951466111
18,0.5115420960106896,0.7298444130127298,0.8974176341951889,0.8975413916107211
19,0.5220970320470125,0.7227722772277227,0.9062329311162375,0.9056217313441295
20,0.5061873842790289,0.7206506364922206,0.9034879044762741,0.9020991057455501
21,0.49876632071235805,0.714992927864215,0.8959290774749756,0.895712844694558
22,0.48297634633999426,0.6973125884016973,0.8993463555369708,0.8995149581181128
23,0.47833151637929155,0.7142857142857143,0.8973656147399127,0.8987230440054128
24,0.445721158703554,0.7234794908062234,0.8991142687365075,0.9001215995827389
25,0.4263191975436164,0.7241867043847242,0.8927819004307611,0.8913870117030886
26,0.41551226059209956,0.7355021216407355,0.8856972507717885,0.8838550522918113
27,0.4166669825327049,0.71004243281471,0.8883182310184009,0.8874969791759031
28,0.3805063256939638,0.7086280056577087,0.8882562078217253,0.8878555563408508
29,0.3730405327475187,0.7057991513437057,0.8812435851008277,0.8827072593032788
