config,flags,val_roc_auc,val_pr_auc,val_acc3,P@R90,P@R95,P@R99,best_epoch,n_params,test_evaluated
bn_aug_sched,--batchnorm --augment --scheduler,0.9142339234873843,0.9107690092408958,0.7206506364922206,0.7704517704517705,0.7055084745762712,0.6134157105030892,38,40371,False
arch_dual_cnn_lstm,--batchnorm --augment --scheduler --arch dual_cnn_lstm,0.9142339234873843,0.9107690092408958,0.7206506364922206,0.7704517704517705,0.7055084745762712,0.6134157105030892,38,40371,False
drop45,--batchnorm --augment --scheduler --dropout 0.45,0.9129974610504328,0.9116178754917266,0.7390381895332391,0.7505910165484634,0.7021052631578948,0.6235399820305481,28,40371,False
drop45_s1,--batchnorm --augment --scheduler --dropout 0.45 --seed 1,0.9129354378537573,0.911305499658862,0.7142857142857143,0.752983293556086,0.7010526315789474,0.6098418277680141,34,40371,False
bn_aug_sched_s2,--batchnorm --augment --scheduler --seed 2,0.9120150936450232,0.9090507393241325,0.7241867043847242,0.744131455399061,0.6951092611862643,0.6246624662466247,23,40371,False
lr3e3,--batchnorm --augment --scheduler --lr 0.003,0.9113408414747115,0.9058373127001953,0.7199434229137199,0.7538829151732378,0.7130620985010707,0.6269196025293586,41,40371,False
bn_aug_sched_s7,--batchnorm --augment --scheduler --seed 7,0.9111747793674834,0.9078465807719156,0.7164073550212164,0.7651331719128329,0.6973821989528796,0.6103781882145998,20,40371,False
arch_dual_cnn_lstm_s1,--batchnorm --augment --scheduler --arch dual_cnn_lstm --seed 1,0.911068739708651,0.9116778109359004,0.7312588401697313,0.7414806110458284,0.696652719665272,0.6147032772364924,30,40371,False
bn_aug_sched_s1,--batchnorm --augment --scheduler --seed 1,0.911068739708651,0.9116778109359004,0.7312588401697313,0.7414806110458284,0.696652719665272,0.6147032772364924,30,40371,False
w15,--batchnorm --augment --scheduler --width 1.5,0.9108986761048632,0.9057250807671786,0.7227722772277227,0.7441037735849056,0.7017913593256059,0.6201966041108132,19,89643,False
drop45_s2,--batchnorm --augment --scheduler --dropout 0.45 --seed 2,0.9104545099867349,0.9076346252752888,0.7157001414427157,0.7657766990291263,0.7062566277836692,0.6071741032370953,25,40371,False
drop45_s7,--batchnorm --augment --scheduler --dropout 0.45 --seed 7,0.9097382421025464,0.9048530453512689,0.7043847241867044,0.752983293556086,0.7043294614572334,0.6241007194244604,20,40371,False
w20,--batchnorm --augment --scheduler --width 2.0,0.9095601755056392,0.9077557733437783,0.7248939179632249,0.7438307873090482,0.6951983298538622,0.6077057793345009,13,158307,False
w15_pr,--batchnorm --augment --scheduler --width 1.5 --monitor pr,0.9094261253708887,0.9067961644406685,0.7277227722772277,0.7476303317535545,0.6988457502623295,0.6098418277680141,11,89643,False
arch_dual_cnn,--batchnorm --augment --scheduler --arch dual_cnn,0.9082236756546949,0.9065080149287064,0.7199434229137199,0.7494061757719715,0.6962421711899791,0.6174377224199288,28,16051,False
drop20,--batchnorm --augment --scheduler --dropout 0.2,0.9078875499436788,0.906837429276987,0.7256011315417256,0.7380116959064328,0.6915887850467289,0.6372819100091828,19,40371,False
bn,--batchnorm,0.9066590904998469,0.9043397765617138,0.7206506364922206,0.7476303317535545,0.7003154574132492,0.629193109700816,20,40371,False
arch_dual_cnn_s1,--batchnorm --augment --scheduler --arch dual_cnn --seed 1,0.9064049954683051,0.9049950690398448,0.7241867043847242,0.7362893815635939,0.7025316455696202,0.5962199312714777,26,16051,False
bn_sched,--batchnorm --scheduler,0.9062329311162375,0.9056217313441295,0.7227722772277227,0.7444051825677267,0.7003154574132492,0.6207513416815742,19,40371,False
arch_global_cnn,--batchnorm --augment --scheduler --arch global_cnn,0.8955129218327655,0.887837176633472,0.7135785007072136,0.7303240740740741,0.6908713692946058,0.6034782608695652,25,12603,False
arch_global_cnn_s1,--batchnorm --augment --scheduler --arch global_cnn --seed 1,0.8934721585873117,0.8832308145045286,0.7185289957567186,0.7269585253456221,0.6901554404145078,0.6174377224199288,36,12603,False
base_01,(defaults),0.8918755614599859,0.8901327791449241,0.7022630834512023,0.722794959908362,0.6636904761904762,0.5669934640522876,27,40051,False
aug,--augment,0.8899548431113236,0.8858307470747451,0.7001414427157001,0.7154195011337868,0.666,0.5749792874896438,27,40051,False
