planet,file,pca_lopo_error_H,ae_lopo_error_H,median_noise_H,excess_over_noise
WASP-39 b,WASP-39_b_Transmission_WASP_39_b_3.11466_5502_6.tbl,0.665004411341196,0.6571886536532355,0.14318483953342004,4.644377250469878
WASP-39 b,WASP-39_b_Transmission_WASP_39_b_3.11466_5087_1.tbl,0.7415860271474088,0.7138902126029985,0.17461431949017736,4.246994343377008
WASP-17 b,WASP-17_b_Transmission_WASP_17_b_3.11446_5567_4.tbl,0.8240697628191375,0.7316011606061779,0.20307256296133078,4.058006413087215
WASP-17 b,WASP-17_b_Transmission_WASP_17_b_3.11446_5567_2.tbl,0.8226164407669292,0.7559903781286954,0.20938071687063167,3.928807070018737
WASP-39 b,WASP-39_b_Transmission_WASP_39_b_3.11466_5078_1.tbl,0.4093634841271432,0.3299579610717724,0.11406966675704824,3.5887146492592787
HAT-P-18 b,HAT-P-18_b_Transmission_HAT_P_18_b_3.11001_5431_2.tbl,0.48128016971567394,0.4678550144559869,0.14226120311616203,3.383073945485258
HAT-P-18 b,HAT-P-18_b_Transmission_HAT_P_18_b_3.11001_5431_1.tbl,0.44340702489619443,0.3763874500833151,0.132796136516495,3.339005460005364
WASP-39 b,WASP-39_b_Transmission_WASP_39_b_3.11466_5077_1.tbl,0.5425485635661124,0.3114095461350058,0.16942548303447028,3.2022842954251973
WASP-39 b,WASP-39_b_Transmission_WASP_39_b_3.11466_4988_4.tbl,0.6854759802561394,0.4817255194661205,0.2330930600294267,2.940782450449627
WASP-39 b,WASP-39_b_Transmission_WASP_39_b_3.11466_5502_2.tbl,0.3854302386831364,0.344016772790361,0.13151123117773203,2.9307781185794184
HD 189733 b,HD_189733_b_Transmission_HD_189733_b_3.11185_5532_1.tbl,0.6025416128080743,0.5917396988220072,0.20682505955447048,2.9132911365094323
WASP-107 b,WASP-107_b_Transmission_WASP_107_b_3.12045_5452_1.tbl,0.22085050085957827,0.21941371321113443,0.07657745530290451,2.884014622658813
WASP-39 b,WASP-39_b_Transmission_WASP_39_b_3.11466_4988_1.tbl,0.6177078158126773,0.4423356521226144,0.21520565374943423,2.8703140695916836
WASP-39 b,WASP-39_b_Transmission_WASP_39_b_3.11466_4988_2.tbl,0.5619421946221318,0.3980837002109382,0.21383427990865722,2.6279331586225303
HD 189733 b,HD_189733_b_Transmission_HD_189733_b_3.11185_5430_1.tbl,0.4439281611371307,0.2938521461980381,0.18203672466169998,2.438673635565208
HAT-P-18 b,HAT-P-18_b_Transmission_HAT_P_18_b_3.11001_5041_1.tbl,0.43281139563480914,0.4372080014718119,0.19047250871079413,2.2723037490516425
WASP-39 b,WASP-39_b_Transmission_WASP_39_b_3.11466_4988_3.tbl,0.5696446282411227,0.39557838703374676,0.2575576151284454,2.211717281032587
WASP-52 b,WASP-52_b_Transmission_WASP_52_b_3.11565_5621_1.tbl,0.5295693395197006,0.48122549289469657,0.2417393613552159,2.1906624413619697
HD 209458 b,HD_209458_b_Transmission_HD_209458_b_3.11218_5413_51.tbl,0.3621714744680341,0.22359661126864602,0.17202608920529605,2.1053287681022526
HD 209458 b,HD_209458_b_Transmission_HD_209458_b_3.11218_5413_50.tbl,0.3446800944670105,0.181695706555203,0.18369928811565542,1.8763278725936217
HAT-P-26 b,HAT-P-26_b_Transmission_HAT_P_26_b_3.11010_5775_2.tbl,0.3840522843462722,0.30922427648770384,0.22056134554087597,1.7412492810309634
WASP-39 b,WASP-39_b_Transmission_WASP_39_b_3.11466_5502_1.tbl,0.32409958131993527,0.26469142988472527,0.19074400055196622,1.6991338148621755
WASP-39 b,WASP-39_b_Transmission_WASP_39_b_3.11466_5040_1.tbl,0.32332911214297594,0.24802546130951333,0.1989075056140469,1.6255249450986144
TRAPPIST-1 c,TRAPPIST-1_c_Transmission_TRAPPIST_1_c_3.11877_5704_2.tbl,0.7383282433544955,0.6760650609371001,0.4796239961440061,1.5393897079595118
TOI-270 d,TOI-270_d_Transmission_TOI_270_d_3.12406_5800_1.tbl,1.2230717276374317,1.1153377415635508,0.79482174693945,1.5388000294997037
HAT-P-26 b,HAT-P-26_b_Transmission_HAT_P_26_b_3.11010_5775_1.tbl,0.4416560895357517,0.4302353118968267,0.28997290913732054,1.523094315429996
TOI-270 d,TOI-270_d_Transmission_TOI_270_d_3.12406_5800_2.tbl,0.9717983462939,0.9430000458511475,0.6435191641576978,1.5101311669029884
WASP-80 b,WASP-80_b_Transmission_WASP_80_b_3.11585_5432_1.tbl,0.45457260214885115,0.45405733447933244,0.3320238807048076,1.369096105930398
TOI-270 d,TOI-270_d_Transmission_TOI_270_d_3.12406_5949_4.tbl,0.8740901191911677,0.8395252236038642,0.6552045674790521,1.3340720785178497
TOI-270 d,TOI-270_d_Transmission_TOI_270_d_3.12406_5949_6.tbl,0.8956250282740219,0.8711450495927482,0.7083286936049603,1.2644200868326223
TOI-270 d,TOI-270_d_Transmission_TOI_270_d_3.12406_5949_2.tbl,0.8850034984084886,0.8778093820087701,0.706808014626989,1.2521129926286143
K2-18 b,K2-18_b_Transmission_K2_18_b_3.11793_5255_1.tbl,2.0392144407417288,2.1388972085166365,1.826940458854896,1.1161909688178253
K2-18 b,K2-18_b_Transmission_K2_18_b_3.11793_5255_2.tbl,2.171157612995992,2.308152540329817,2.040162231166021,1.0642083162940934
