planet,file,H2O_index_H,H2O_err_H,H2O_sigma,H2O_bins,CH4_index_H,CH4_err_H,CH4_sigma,CH4_bins,SO2_index_H,SO2_err_H,SO2_sigma,SO2_bins,CO2_index_H,CO2_err_H,CO2_sigma,CO2_bins,CO_index_H,CO_err_H,CO_sigma,CO_bins
HAT-P-18 b,HAT-P-18_b_Transmission_HAT_P_18_b_3.11001_5041_1.tbl,0.532153740197952,0.06965255009070487,7.640118552801815,4,,,,0,,,,0,,,,0,,,,0
WASP-39 b,WASP-39_b_Transmission_WASP_39_b_3.11466_4988_2.tbl,,,,0,-0.11767386246318587,0.09310975908207803,-1.2638187835869505,6,-0.3571039101840458,0.1534624999684328,-2.326978318856411,3,2.109501702252214,0.1383071350472304,15.252298455403922,6,-0.4237004805229784,0.181322076008769,-2.336728598356041,5
WASP-39 b,WASP-39_b_Transmission_WASP_39_b_3.11466_4988_4.tbl,,,,0,-0.236784853248718,0.08567346395555192,-2.763806227930318,6,-0.23020669439144792,0.16416784321387742,-1.4022642308307314,3,2.22056658530925,0.1563905170606013,14.198856983437052,6,-0.468295199073,0.2165340203923875,-2.1626864832804973,5
WASP-39 b,WASP-39_b_Transmission_WASP_39_b_3.11466_5078_1.tbl,1.0924468811772048,0.03573086904951803,30.574315997274653,4,,,,0,,,,0,,,,0,,,,0
WASP-39 b,WASP-39_b_Transmission_WASP_39_b_3.11466_4988_1.tbl,,,,0,-0.17009729332460627,0.09612271887649383,-1.7695847070572452,6,-0.3311687369961843,0.14812647583946195,-2.2357160333383064,3,2.2668141664705983,0.13272291646211729,17.07929743329298,6,-0.46711256599503104,0.17750455799050022,-2.6315525149502372,5
WASP-39 b,WASP-39_b_Transmission_WASP_39_b_3.11466_4988_3.tbl,,,,0,-0.14832453501428267,0.11318860502019679,-1.3104193216959994,5,0.05293282570745364,0.18066236162026492,0.2929931017879275,3,1.9888600472205735,0.15429121878638388,12.890299673983062,6,-0.33422776739126314,0.21103087718559202,-1.583786087840241,5
WASP-39 b,WASP-39_b_Transmission_WASP_39_b_3.11466_5077_1.tbl,,,,0,-0.34237997692932953,0.07122922097262618,-4.8067348239131835,6,0.08588132696977055,0.12241871887443065,0.7015375406588119,3,1.9145770990487805,0.11020531410362364,17.372820127789353,6,-0.6874843759122751,0.14926082571396174,-4.605926388413168,5
WASP-39 b,WASP-39_b_Transmission_WASP_39_b_3.11466_5040_1.tbl,,,,0,-0.34815034233239284,0.10116387042995119,-3.4414494112644918,6,,,,1,,,,0,,,,0
K2-18 b,K2-18_b_Transmission_K2_18_b_3.11793_5255_1.tbl,,,,0,2.6765847803206584,0.76715899885889,3.488957027554838,6,-2.065555730475894,1.2799802055898095,-1.6137403699333728,3,1.6395136789400202,1.1847871805407524,1.3838043708336925,6,-2.9346995503005977,1.6477643494493304,-1.7810189614075282,5
K2-18 b,K2-18_b_Transmission_K2_18_b_3.11793_5255_2.tbl,1.7458295549981497,0.7386314293268067,2.363600417855641,4,,,,0,,,,0,,,,0,,,,0
WASP-107 b,WASP-107_b_Transmission_WASP_107_b_3.12045_5285_1.tbl,,,,0,,,,0,,,,0,,,,0,,,,1
WASP-107 b,WASP-107_b_Transmission_WASP_107_b_3.12045_5285_2.tbl,,,,0,,,,0,,,,0,,,,0,,,,1
WASP-107 b,WASP-107_b_Transmission_WASP_107_b_3.12045_5285_3.tbl,,,,0,,,,0,,,,0,,,,0,,,,1
HD 209458 b,HD_209458_b_Transmission_HD_209458_b_3.11218_5413_50.tbl,,,,0,-0.21328256254717537,0.08491466931521709,-2.5117281179702386,6,-0.16962104186773969,0.12944274276263285,-1.310394373972624,3,0.764272091610964,0.12057190992882752,6.3387242688791,6,-0.20307855367511807,0.16443686836129628,-1.2349940478610875,5
HD 209458 b,HD_209458_b_Transmission_HD_209458_b_3.11218_5413_51.tbl,,,,0,-0.271890585146549,0.07941619095778703,-3.4236165430179097,6,-0.34021756966487443,0.11752363008668196,-2.8948864957110327,3,0.9098767923448008,0.1075369502471379,8.461061897829088,6,-0.03152641389925669,0.147323372865955,-0.21399465194122053,5
WASP-107 b,WASP-107_b_Transmission_WASP_107_b_3.12045_5452_1.tbl,,,,0,-0.0438079496256361,0.026683608367746674,-1.6417550813175688,6,-0.17830634667038714,0.056521412255691864,-3.1546689927662093,3,1.0902512049690833,0.050947350058315334,21.399566488171818,6,0.006663811398193137,0.07109621857674461,0.09372947720137752,5
WASP-107 b,WASP-107_b_Transmission_WASP_107_b_3.12045_5453_2.tbl,,,,0,-0.05196604987244664,0.04339687811436683,-1.1974605577732313,6,,,,0,,,,0,,,,0
WASP-107 b,WASP-107_b_Transmission_WASP_107_b_3.12045_5453_3.tbl,,,,0,,,,0,-0.3438826020311846,0.0706498639251827,-4.867420585485513,3,1.0716300706861575,0.05654109570052264,18.953118212674674,6,-0.022641296077318962,0.07652743368633193,-0.29585855668596367,5
WASP-107 b,WASP-107_b_Transmission_WASP_107_b_3.12045_5453_6.tbl,,,,0,-0.030639545744332357,0.04337830304930148,-0.7063334337793038,6,,,,0,,,,0,,,,0
WASP-107 b,WASP-107_b_Transmission_WASP_107_b_3.12045_5453_7.tbl,,,,0,,,,0,-0.34148100162116357,0.07961714759774959,-4.289038378345718,3,1.0256016682356746,0.06533278420624082,15.698116660665832,6,0.006497885538135781,0.09047661594769975,0.07181839716343835,5
WASP-107 b,WASP-107_b_Transmission_WASP_107_b_3.12045_5453_8.tbl,,,,0,-0.08328385766349053,0.055191273383912984,-1.5090040971543501,6,,,,0,,,,0,,,,0
WASP-107 b,WASP-107_b_Transmission_WASP_107_b_3.12045_5453_9.tbl,,,,0,,,,0,-0.4842972050350167,0.09033614194548131,-5.361056987880826,3,1.0827775182827166,0.07404959322944371,14.622329050852652,6,0.013116689783777197,0.10521758001313485,0.12466253055943478,5
HD 189733 b,HD_189733_b_Transmission_HD_189733_b_3.11185_5430_1.tbl,,,,0,-0.7730777919135617,0.0914447095339866,-8.454046120910226,6,-0.41994953312216476,0.11007892149872897,-3.814985897431905,3,1.5249421604258115,0.0887209858900791,17.18806599280963,6,-0.38696720500395565,0.11877980097078347,-3.2578536236067515,5
HAT-P-18 b,HAT-P-18_b_Transmission_HAT_P_18_b_3.11001_5431_1.tbl,0.5054461651858662,0.053772619942355,9.399693854004353,4,,,,0,,,,0,,,,0,,,,0
WASP-80 b,WASP-80_b_Transmission_WASP_80_b_3.11585_5432_1.tbl,,,,0,0.1908872995371206,0.15882229371000872,1.2018923482219626,6,-0.4447183881348804,1.029688215505729,-0.43189616180705537,2,,,,0,,,,0
HAT-P-18 b,HAT-P-18_b_Transmission_HAT_P_18_b_3.11001_5431_2.tbl,0.4553800611143264,0.053821284125882995,8.46096611238845,4,,,,0,,,,0,,,,0,,,,0
WASP-39 b,WASP-39_b_Transmission_WASP_39_b_3.11466_5502_2.tbl,1.0352375607350106,0.048440486412917434,21.371328766404538,4,,,,0,,,,0,,,,0,,,,0
WASP-39 b,WASP-39_b_Transmission_WASP_39_b_3.11466_5502_1.tbl,,,,0,-0.3468929480897116,0.09409288679361077,-3.6867074644081046,6,,,,0,,,,0,,,,0
WASP-39 b,WASP-39_b_Transmission_WASP_39_b_3.11466_5502_4.tbl,,,,0,-0.427687323907328,0.07791794256605673,-5.488945290678668,6,,,,0,,,,0,,,,0
WASP-39 b,WASP-39_b_Transmission_WASP_39_b_3.11466_5502_5.tbl,,,,0,,,,0,-0.06275355422168305,0.12085068427052324,-0.5192651957287204,3,1.9315638592782498,0.10588665303242967,18.241806724088956,6,-0.5054578051411154,0.1573649773838687,-3.212009517900069,4
WASP-39 b,WASP-39_b_Transmission_WASP_39_b_3.11466_5502_6.tbl,0.9542718556235829,0.07402696179057591,12.890868847532083,3,-0.40431826099615453,0.07679374708570186,-5.264989355773135,6,-0.4173380733618007,0.15377604640335926,-2.713934212270682,3,2.091489082875451,0.13205034485244038,15.838573426011003,6,-0.5600551866316434,0.1762081163925426,-3.178373380849248,5
GJ 3470 b,GJ_3470_b_Transmission_GJ_3470_b_3.11524_5498_1.tbl,,,,0,0.4727041618012268,0.12496448537741582,3.7827080259929287,6,,,,0,,,,0,,,,0
GJ 3470 b,GJ_3470_b_Transmission_GJ_3470_b_3.11524_5498_2.tbl,,,,0,,,,0,0.03437682624662704,0.19357454324393192,0.17758960279868652,3,0.6869618337590492,0.1587271249532069,4.327942271754541,6,-0.18423002655291998,0.22464891558992267,-0.8200797500808599,5
GJ 3470 b,GJ_3470_b_Transmission_GJ_3470_b_3.11524_5498_4.tbl,,,,0,,,,0,,,,0,,,,0,,,,0
WASP-39 b,WASP-39_b_Transmission_WASP_39_b_3.11466_5087_1.tbl,1.0178374219162367,0.15404451037424272,6.6074241752819125,2,-0.41934104734098654,0.08742914103412613,-4.796353279706883,6,-0.2322776132999145,0.15937064591237604,-1.4574679795652181,3,2.143513898887325,0.14160854380183965,15.136896696620633,6,-0.5732284650484681,0.19048523340826967,-3.0093065734909725,5
HD 189733 b,HD_189733_b_Transmission_HD_189733_b_3.11185_5532_1.tbl,,,,0,-0.6424092413894975,0.11156831510761854,-5.757989988195403,5,-0.20987406010740506,0.14828944630288476,-1.4153000455523466,2,1.4509815841048739,0.13360487672326413,10.860244174397115,5,-0.19320642486381984,0.19226247836152177,-1.0049096761382796,4
WASP-107 b,WASP-107_b_Transmission_WASP_107_b_3.12045_5534_1.tbl,,,,0,-0.00039060286079919265,0.03676094030339997,-0.010625486115845255,5,,,,0,,,,0,,,,0
WASP-17 b,WASP-17_b_Transmission_WASP_17_b_3.11446_5567_4.tbl,1.8103317844226479,0.06382624038350633,28.363440703151067,4,,,,0,,,,0,,,,0,,,,0
WASP-17 b,WASP-17_b_Transmission_WASP_17_b_3.11446_5567_2.tbl,1.7772668455284262,0.06269165660040625,28.34933613027079,4,,,,0,,,,0,,,,0,,,,0
WASP-52 b,WASP-52_b_Transmission_WASP_52_b_3.11565_5621_1.tbl,0.982832765247357,0.11095902793779804,8.857618740120166,4,,,,0,,,,0,,,,0,,,,0
TRAPPIST-1 c,TRAPPIST-1_c_Transmission_TRAPPIST_1_c_3.11877_5693_1.tbl,0.21531248553656152,0.34408480903280975,0.6257541160906952,2,,,,0,,,,0,,,,0,,,,0
TRAPPIST-1 c,TRAPPIST-1_c_Transmission_TRAPPIST_1_c_3.11877_5693_2.tbl,0.42955589219757107,0.3475439937165894,1.2359755885980284,2,,,,0,,,,0,,,,0,,,,0
TRAPPIST-1 c,TRAPPIST-1_c_Transmission_TRAPPIST_1_c_3.11877_5704_2.tbl,0.44976504775848575,0.24084342304216355,1.8674582933483181,4,-0.24227096202933657,0.25539828178959934,-0.9486005948502142,6,0.8933715702322964,0.3755122762932627,2.379074205112279,3,-0.24777070472779442,0.34901450178676524,-0.7099152140078495,6,-0.10068747550708496,0.45914366247789806,-0.21929405485789924,5
HAT-P-26 b,HAT-P-26_b_Transmission_HAT_P_26_b_3.11010_5775_1.tbl,,,,0,-0.3021768356739686,0.11869260418422087,-2.5458775443579014,6,0.6921480461938886,0.2069864077227249,3.343929941144141,3,1.863196715426904,0.18588967425510222,10.023131854381438,6,-0.9342032876082043,0.25923555863242376,-3.603684974918249,5
HAT-P-26 b,HAT-P-26_b_Transmission_HAT_P_26_b_3.11010_5775_2.tbl,,,,0,-0.2631493645849303,0.08428329939928612,-3.1222005600217306,6,0.7372737313096608,0.16142702508129542,4.567226156452838,3,1.6932372560160902,0.14634179672836706,11.570428229462015,6,-0.922990644468743,0.20175855634860376,-4.574728631949444,5
TOI-270 d,TOI-270_d_Transmission_TOI_270_d_3.12406_5800_1.tbl,1.5614450936581985,0.3073015107036106,5.081150073369465,4,,,,0,,,,0,,,,0,,,,0
TOI-270 d,TOI-270_d_Transmission_TOI_270_d_3.12406_5800_2.tbl,,,,0,2.188570450835271,0.2699815633727272,8.10637001836235,6,-1.5912718720630692,0.4439912880466323,-3.584015981628762,3,1.1637514084565588,0.382304010141136,3.044047087099437,6,0.3085482094384868,0.5011721787593373,0.615653107884609,5
TOI-270 d,TOI-270_d_Transmission_TOI_270_d_3.12406_5949_1.tbl,,,,0,1.9784587153281439,0.32996400821599686,5.995983398386379,3,,,,1,1.0169727137031683,0.46613062738655564,2.181733303827313,3,0.8067699854314709,0.6283699149283364,1.2839093124365772,2
TOI-270 d,TOI-270_d_Transmission_TOI_270_d_3.12406_5949_2.tbl,,,,0,2.018192655886693,0.3017509315700993,6.68827315755229,6,-0.8695117307810658,0.4895747366693403,-1.776055146751446,3,0.5716667487774105,0.45048183579485496,1.2690117633016884,6,0.10902032692662739,0.6246402718123214,0.17453297817368954,5
TOI-270 d,TOI-270_d_Transmission_TOI_270_d_3.12406_5949_3.tbl,,,,0,1.9227288537666947,0.3053477832520983,6.296848902221339,3,,,,1,1.078756997397601,0.4332033393638439,2.490186245982656,3,0.670436070171848,0.5814128161055613,1.1531153968407255,2
TOI-270 d,TOI-270_d_Transmission_TOI_270_d_3.12406_5949_4.tbl,,,,0,1.9865522765580466,0.2796510918569407,7.103681460232933,6,-1.3161798439565902,0.45431404732298125,-2.8970705434095696,3,0.831775221866462,0.41841776141822806,1.9879061038115537,6,0.03825377032559515,0.5775713923279643,0.06623210711910292,5
TOI-270 d,TOI-270_d_Transmission_TOI_270_d_3.12406_5949_5.tbl,,,,0,2.1574167350019087,0.32911889173893927,6.555128827770833,3,,,,1,1.1728801623646152,0.4708627260753711,2.490917410559425,3,1.0145898487672909,0.6336457404619683,1.6011941436355115,2
TOI-270 d,TOI-270_d_Transmission_TOI_270_d_3.12406_5949_6.tbl,,,,0,2.182314391616412,0.30089002708194096,7.2528638213127135,6,-0.9900219872706231,0.4909227778066342,-2.016655229757083,3,0.5616011833342578,0.45442698730071907,1.2358446989914702,6,0.30646656253573223,0.6297386734390895,0.4866567283569805,5
