pl_name,pl_eqt,pl_rade,pl_bmasse,st_rad,st_teff,gravity_ms2,scale_height_km,amplitude_1H_ppm
HAT-P-18 b,841.0,10.70457657,55.5246227,0.717,4870.0,4.758515482908131,638.8970125225278,350.23184590539165
HAT-P-26 b,1080.0,7.06167,22.2481,0.87,5079.0,4.381299553773585,891.101462527855,218.87172657357132
HD 189733 b,1209.0,12.66617,359.1479,0.75,5052.0,21.98404289371347,198.80398541081712,117.85322364952822
HD 209458 b,1459.0,15.58051,232.0159,1.19,6091.0,9.385972249378522,561.9302015600435,162.76600909403214
WASP-17 b,1755.0,20.96083,247.9074,1.49,6550.0,5.541117963487389,1144.9488184573988,284.58735951679523
WASP-39 b,1166.0,14.336311,89.31023,0.939,5485.0,4.267280952146841,987.7650637778089,422.8180166433479
GJ 3470 b,593.5,4.57,13.9,0.547,3600.0,6.535927961257198,328.2613980638227,131.99423285665708
WASP-52 b,1315.0,14.24,146.2,0.79,5000.0,7.080309636236848,671.3977020038136,403.30095574583135
WASP-80 b,825.0,11.197791,170.99254,0.586,4143.0,13.391749143341704,222.70142266673813,191.18495395967273
K2-18 b,284.0,2.37,8.92,0.411,3457.0,15.59527434296497,65.8311844876511,24.315878553945268
TRAPPIST-1 c,339.7,1.097,1.308,0.1192,2566.0,10.673806993090814,115.04892093033415,233.84616955457577
WASP-107 b,736.0,10.48039695,33.02237149,0.657,4425.0,2.952416686925116,901.1695554572193,576.0326474307537
TOI-270 d,383.0,2.0,4.2,0.38,3506.0,10.311317408054927,134.2737031518287,48.960671211479195
