planet,reason
TRAPPIST-1 b,no per-molecule result: Rathcke+2025 (2412.16541) says only 'bare rock or thin atmosphere'; Greene+2023 is a 15 um eclipse point
GJ 1132 b,"ambiguous: May+2023 (2310.10711) visits disagree; Bennett+2025 (2508.10579) best fit is a flat line, no per-molecule limits"
GJ 486 b,"water in planet vs unocculted starspots indistinguishable (Moran+2023, 2305.00868)"
GJ 1214 b,"CO2/CH4 only 'possible' at 3.3-3.6 sigma pending more data (Schlawin+2024, 2410.10183); Kempton+2023 (2305.06240) H2O from emission"
LHS 475 b,"only hydrogen-dominated and cloudless pure-methane atmospheres ruled out (Lustig-Yaeger+2023, 2301.04191); no per-molecule limits"
WASP-121 b,"abstract reports H2O dissociation and SiO, no explicit detection of the five target molecules (Gapp+2025, 2506.02199)"
WASP-127 b,Fu+2025 (2025ApJ...986....1F) could not be found/verified
WASP-43 b,"evidence is from MIRI emission/phase curve, not transmission (Bell+2024, 2401.13027)"
WASP-96 b,Radica+2023 (2305.17001) abstract makes no molecule claims; Wang+2026 not verified
