planet,H2O,H2O_bibcode,H2O_arxiv,H2O_significance,H2O_note,CO2,CO2_bibcode,CO2_arxiv,CO2_significance,CO2_note,CH4,CH4_bibcode,CH4_arxiv,CH4_significance,CH4_note,CO,CO_bibcode,CO_arxiv,CO_significance,CO_note,SO2,SO2_bibcode,SO2_arxiv,SO2_significance,SO2_note
WASP-39 b,1,2023Natur.614..659R,2211.10487,33 sigma (NIRSpec PRISM),also Alderson+2023 21.5 sigma; Ahrer+2023 NIRCam detection,1,2023Natur.614..659R,2211.10487,28 sigma (NIRSpec PRISM),also Alderson+2023 28.5 sigma; ERS Team 2022 (2208.11692) 26 sigma,0,2023Natur.614..659R,2211.10487,non-detection,Ahrer+2023 (2211.10489) NIRCam upper limit,1,2023Natur.614..659R,2211.10487,7 sigma (NIRSpec PRISM),Carter+2024 (2407.13893) confirms,1,2023Natur.614..664A,2211.10488,4.8 sigma (NIRSpec G395H),confirmed by Powell+2024 MIRI (2407.07965) and Carter+2024; PRISM alone gave 2.7 sigma
WASP-107 b,1,2024Natur.630..836W,2405.11018,21 sigma,Dyrek+2024 MIRI (2311.12515) ~12 sigma,1,2024Natur.630..836W,2405.11018,29 sigma,,1,2024Natur.630..836W,2405.11018,5 sigma,"Dyrek+2024 MIRI-only (5-12 um, no strong CH4 band) reported no CH4; Sing+2024 NIRSpec also reports CH4",1,2024Natur.630..836W,2405.11018,7 sigma,,1,2024Natur.630..836W,2405.11018,9 sigma,Dyrek+2024 MIRI 9 sigma
HD 189733 b,1,2024Natur.632..752F,2407.06163,13.4 sigma,Zhang+2025 (2410.22398) also detects,1,2024Natur.632..752F,2407.06163,11.2 sigma,Zhang+2025 also detects,0,2024Natur.632..752F,2407.06163,5 sigma upper limit 0.1 ppm,Zhang+2025: depleted,1,2024Natur.632..752F,2407.06163,5 sigma,Zhang+2025 also detects,unknown,,,not addressed in abstract,
HD 209458 b,1,2024ApJ...963L...5X,2310.03245,strong features (sigma not stated in abstract),,1,2024ApJ...963L...5X,2310.03245,strong features (sigma not stated in abstract),,0,2024ApJ...963L...5X,2310.03245,upper limit,title: no evidence of CH4,unknown,,,not addressed in abstract,,0,2024ApJ...963L...5X,2310.03245,non-detection at 4.05 micron,Same paper (Xue+2024) explicitly states non-detection of SO2 at 4.05 micron.
GJ 3470 b,1,2024ApJ...970L..10B,2406.04450,>3 sigma,NIRCam + archival HST/Spitzer,1,2024ApJ...970L..10B,2406.04450,>3 sigma,,1,2024ApJ...970L..10B,2406.04450,>3 sigma,,unknown,,,not addressed in abstract,,1,2024ApJ...970L..10B,2406.04450,>3 sigma,
K2-18 b,0,2023ApJ...956L..13M,2309.05566,95% upper limit,limit applies to the stratosphere (<~100 mbar); earlier HST water feature attributed to CH4,0,arXiv:2501.18477,2501.18477,2 sigma upper limit log10 CO2 < -1.58,"Original CO2=1 from Madhusudhan+2023 (single-instrument). Superseded by a 2025 reanalysis combining NIRISS+NIRSpec (arXiv:2501.18477), which finds neither CO2 nor DMS robustly detected - 2 sigma upper limit log10 CO2 < -1.58. Treated as a non-detection.",1,2023ApJ...956L..13M,2309.05566,4.7-5.0 sigma,,0,2023ApJ...956L..13M,2309.05566,not detected,despite expected features in 0.9-5.2 um,unknown,,,no observational claim,
HAT-P-18 b,1,2024MNRAS.528.3354F,2310.14950,12.5 sigma,Fu+2022 (2211.13761) also detects water,1,2024MNRAS.528.3354F,2310.14950,7.3 sigma,,unknown,2024MNRAS.528.3354F,2310.14950,conflicting,"Fournier-Tondreau+2024: not detected (log CH4 < -6, 2 sigma); Fu+2022: moderate evidence (Bayes factor 3.79) on the same NIRISS data",unknown,,,not addressed; NIRISS 0.6-2.8 um,,unknown,,,not addressed; NIRISS 0.6-2.8 um,
HAT-P-26 b,1,2025AJ....170..292G,2509.16082,ln B = 4.1,authors: detected with high confidence,1,2025AJ....170..292G,2509.16082,ln B = 85.6,,unknown,,,not addressed in abstract,,unknown,2025AJ....170..292G,2509.16082,marginal (ln B < 0.5),,1,2025AJ....170..292G,2509.16082,ln B = 13.5,
TRAPPIST-1 c,0,2025ApJ...979L...5R,2409.19333,partial pressure > ~10 mbar disfavoured at 2 sigma,stellar contamination modelled jointly,unknown,,,not constrained (NIRISS 0.6-2.8 um),,0,2025ApJ...979L...5R,2409.19333,partial pressure > ~10 mbar disfavoured at 2 sigma,,0,2025ApJ...979L...5R,2409.19333,partial pressure > ~10 mbar disfavoured at 2 sigma,,unknown,,,not addressed,
TOI-270 d,unknown,2024A&A...683L...2H,2403.03244,1.6-4.4 sigma depending on analysis,tentative -> not labelled,unknown,2024A&A...683L...2H,2403.03244,2.9-3.9 sigma depending on analysis,range dips below 3 sigma -> not labelled 1,1,2024A&A...683L...2H,2403.03244,3.8-4.9 sigma,,unknown,,,not addressed in abstract,,unknown,,,not addressed in abstract,
WASP-80 b,unknown,,,not addressed in abstract,,unknown,,,not addressed in abstract,,1,2023Natur.623..709B,2309.04042,> 6 sigma,NIRCam 2.4-4.0 um transmission and emission,unknown,,,not addressed in abstract,,unknown,,,not addressed in abstract,
WASP-52 b,1,2025MNRAS.539..422F,2412.17072,10.8 sigma,NIRISS 0.6-2.8 um,unknown,,,not addressed in abstract,,unknown,,,not addressed in abstract,,unknown,,,not addressed in abstract,,unknown,,,not addressed in abstract,
WASP-17 b,1,2025AJ....169...86L,2412.03675,multiple absorption features (sigma not stated in abstract),"Grant+2023 MIRI (2310.08637): H2O depleted, not absent",unknown,,,not addressed in abstract,,unknown,,,not addressed in abstract,,unknown,,,not addressed in abstract,,unknown,,,not addressed in abstract,
