PlanetIndex,star_class,star_temperature_in_Kelvin,star_radius_in_Solar_radii,distance_from_Earth_to_the_system_in_parsecs,semimajor_axis_of_the_planet_in_AU,planet_radius_in_km,planet_density,planet_surface_pressure_bars,kappa,gamma1,gamma2,alpha,beta,planet_surface_temperature_Kelvin,H2O,CO2,O2,N2,CH4,N2O,CO,O3,SO2,NH3,C2H6,NO2,planet_atmospheres_avg_mol_wgt,planets_mean_surface_albedo,habitability_label,star_group_id,split
16,4,5867.932921852769,1.2284338957022989,11.209629005705048,1.3444279560605523,7364.84514857476,5.946785481115196,2.903656263870886,-3.4683665019782888,0.9332644218094556,-0.1257869262375306,0.3135284706258252,0.992082614168596,244.6990318413114,0.0481996633294504,0.4690562833615397,0.439554390000861,0.0056741627063812,0.0152146343769733,0.0035154100431367,0.0045627220151507,0.0004443855585327,0.0088106244755298,0.0049069195607697,5.93155549711e-05,1.4890167034e-06,36.933495393301385,0.1552588440640657,0,star_08bfd0218187,train
27,4,5413.6573690867,1.0394337224291923,9.775555819002772,1.2420027063422792,5685.417571511875,5.239375006981019,1.080620687258375,-2.340620996631533,1.0219723905111948,-1.4094579050809963,0.3536833117145112,0.9086199017824288,252.0537167400791,0.0351596697027195,0.6112650369961592,0.0493976969317153,0.215567715961526,0.069714919770804,0.0011591726512971,0.0119922310917284,7.07831613912e-05,0.0054436409375621,0.0001398071939401,8.38544944885e-05,5.471106668e-06,37.0172731406839,0.4461050395816621,0,star_a538ea405c17,train
54,4,5312.073052174659,0.9390233126027638,12.641102546917708,1.3768559055598133,6663.597866015898,5.586089919318603,2.402110534681419,-2.3073396740257945,-0.7962312354661171,-0.547435120496355,0.8758949968786274,0.854339415399963,224.2550140686105,0.0001754115189485,0.5167706570618501,0.0758966668540216,0.3193055101126266,0.0607584538970943,0.0136519840737438,0.0112681360513377,0.0004254355465394,0.0008930631497053,0.0007381822941676,0.0001040760315035,1.24234084611e-05,36.10460160420507,0.5230089810603735,0,star_8886c33b4914,train
73,4,5537.111951405808,1.2371111604449156,1.714240571980748,1.5431886981761944,6813.084602624328,5.738905776755244,6.4126617554480925,-2.3247119139189136,0.3989260857777461,-0.5158907282754592,0.2718938706603856,0.9551435268999352,233.37556340162112,0.0424896412082719,0.2202130900107151,0.2178857102472416,0.4613736919055368,0.0391518768391437,0.0001310539732406,0.0102629964494641,0.0015046632139471,0.0034615592820664,0.0032826062713948,0.0002381517421317,4.9588568457e-06,31.63207346637796,0.2955888985224709,0,star_ac96dd5647b2,train
93,4,5890.555491387115,1.1294705523647046,2.0362420423401533,1.6378975212451137,6281.227912939045,5.434833400513404,0.8681057353411938,-2.579791844344607,-0.5102870957755011,-0.8469152717520732,0.5082347799125279,0.9012780593065594,243.73679841307845,0.0086986162036192,0.3848599021617371,0.3600524859495154,0.1955851566712785,0.0367106042560103,0.0057697686038225,0.0002918037637013,0.0006760513482817,0.0044239379549273,0.0026878118184615,0.0002398178673232,4.0434013217e-06,35.31425888332369,0.796801087007923,0,star_1e71007b205a,train
95,4,5435.209963552579,0.918131886052352,8.159409788418236,0.7367292754153227,7461.844394804805,6.063183128232435,5.700895079729666,-2.8889727005396777,-0.9093230510668836,-1.2551789394922954,0.0310559518252085,0.8297428738354945,321.7922875657347,0.0934336594058253,0.4219731403189732,0.3167271183627722,0.0128345742322953,0.1029665023169261,0.0030153632669711,0.0181741153934602,0.0004541591611692,0.0197684770195264,0.0105214573070702,0.000127077423813,4.3557911973e-06,34.513829635967404,0.3472050451228727,0,star_f41cb7460c16,train
126,4,5822.299712997125,1.0830088167923684,5.251160565914005,1.6960885425334673,7293.518187805368,5.991465612498698,2.7879378034120874,-2.6155159968491715,-0.0207780701506266,-1.4359883326486331,0.9517672935701628,0.9314245129232892,292.5190508001558,0.000104870546507,0.1460692450633675,0.3951816183890568,0.414243353199732,0.0224607904561122,0.0074026782564198,0.0046564830150557,0.0020320097993038,0.0048143161935985,0.0029090920098358,0.0001204019901501,5.14108086e-06,31.955748890177468,0.6299098157853621,1,star_4fe7e5bb4b2b,train
127,4,5715.919211483604,1.0123120530335523,13.044035688851327,1.279735004630843,5565.807152625043,5.1933613803324885,2.3704437752390404,-2.0050429004667123,0.6354171494622243,-1.339167680710191,0.6464279671203431,0.8201256095755787,319.7007555135591,0.0064282069407524,0.105611757094177,0.4337115576224166,0.4139102324456908,0.0224851150873145,0.0002841396512076,0.0012699844630532,0.003095525861575,0.0085857651419257,0.0045011207836883,0.0001125561592687,4.0387489297e-06,31.42443533500376,0.7518915580065464,1,star_1936705f7150,train
130,4,5856.4956384051575,1.191153225180294,14.7371352801112,1.878564687561921,6006.533708570071,5.322614816808392,1.635063045514847,-2.2629261388227384,-1.1240003188280208,-0.7625636325499988,0.2812719862623227,1.046058755273391,339.03153114411066,0.0160097961466415,0.2038857039025059,0.3689098245789803,0.3578437472954641,0.0294710308115645,0.0056724777187138,0.007019910336025,0.0010140063624756,0.0079929768375974,0.002003369586669,0.0001755960903135,1.560333049e-06,32.60949427630557,0.3037066643401171,1,star_cd8328d7b1de,train
134,4,5851.295495975338,1.0961737082603231,8.801832457318692,1.0155767059431384,5771.477545934779,5.305943515714079,0.3663655307409439,-2.5951770166975288,-0.3523877340064552,-1.077785152652162,0.997725074818544,0.9047026422864596,282.0804683832123,0.0137795023123626,0.3752969004216315,0.3644661024329854,0.1812488472751957,0.0460815310481562,0.0058867750728585,0.0042867846121352,0.0006541184081591,0.0062343123115155,0.0020260272521729,2.95866342557e-05,9.5122185713e-06,35.08997227899903,0.7401186008823405,0,star_1597f49936fe,train
136,4,5557.165517166011,1.2028824338863546,12.40396972141035,1.550261859326851,7496.956962999804,6.057735153908498,6.453763647686811,-2.724396500424895,-1.327239076115884,-1.0160986900237965,0.922423019281675,1.0295483077855845,350.3641611199571,0.0439101274165895,0.3507148693856962,0.5581050821201174,0.0062698407065936,0.0252059683764371,0.0022729691822069,0.0001650258054764,0.0053801276336855,0.0039476570492099,0.0038489563461764,0.0001793122640501,6.371376060396934e-08,35.35126059015957,0.569680276883512,0,star_fd2118dfeb18,train
140,4,5442.067086466693,0.8858559904560203,2.3528095652522527,0.7527066036680684,6312.356169405359,5.4311395783855,0.4726472666678517,-2.877964190021789,-0.4110857119942737,-0.4102168270884105,0.5491883603890915,0.9794100151702404,278.380323473401,0.0481049369363312,0.3238093555655442,0.0391689135550921,0.5575762261846081,0.0048889540469818,0.0122636077866281,0.0045098848637128,7.68389884482e-05,0.0075234713731573,0.002056345089908,1.86281139972e-05,2.8374955905e-06,33.25647657826816,0.3174822168177531,0,star_1211241b371a,train
153,4,5715.2165285851215,1.0032230654066,12.421119497938616,1.115127229032039,7145.755316108833,5.845067677511141,0.9309648761908308,-2.1431868300419,0.7831123577930841,-0.4102008559951926,0.1335967706204925,0.9543715150012564,230.9177776421764,0.033018242644914,0.4171703552049997,0.1238555809138302,0.3444160252458917,0.0387866124226396,0.0076683030400024,0.011101719028468,0.0004305592894263,0.0161660157262202,0.007012546328225,0.0003709931411149,3.0470142675e-06,35.02303983342968,0.7552523583587619,0,star_480c6fb5a01b,train
172,4,5822.465498125501,0.9812469198261315,3.856266612743039,1.0310671532495177,6416.226083150158,5.440339941204023,1.8228931770228176,-3.4272070903484337,-0.7173558449505592,-0.7747653676447159,0.6935258150552659,0.991133846034049,273.381460955628,0.0570850970181308,0.3365312607031969,0.0949154235475331,0.4381714607550854,0.0606037290474553,0.0035857226967928,0.0048136066674669,0.0004166138418503,0.0031359934814572,0.0004097482291872,0.000327427219322,3.9167925215e-06,32.6534110760328,0.1064784306346509,0,star_d596f4e06e91,train
179,4,5562.097064968313,1.062219496984626,1.954462802256076,1.3331301457473423,7330.045219387528,5.998443021245892,3.9324551425573606,-2.561159528392865,1.0927366294523968,-1.2656493198269023,0.0688310546875634,0.8470953556397786,194.62397665609151,0.0030554102001312,0.4176991802533485,0.1596190774144339,0.3555250803486183,0.0429931551756441,0.0039759968984417,0.0090924933285612,0.0003699895571917,0.0038957795050021,0.0034620246912305,0.0003076089765851,4.203650811e-06,34.959577082515395,0.5299674453855954,0,star_ad8f633e8d10,train
189,4,5889.258831988894,1.2044801189957353,11.569673299506778,2.1730531552221777,6731.783502000807,5.630418239017267,0.4455092754276285,-2.212690592469132,-0.8434054049744927,-0.0406895723851545,0.848576126598241,1.0411789920183787,229.05478922301188,0.023594338045552,0.4908629831786411,0.2778083697318758,0.1471955604713097,0.0391889611347967,0.0089637086415429,0.0065888881636601,0.0021170855442805,0.0011920012251178,0.0022867457781045,0.0001927527523952,8.6053327231e-06,36.47152048555228,0.2695015887546279,0,star_1f4456b232d0,train
209,4,5543.834313355991,0.9102550934819864,10.008969153642196,0.719059375891363,6778.155196135555,5.75764225992933,0.5763837684208408,-2.4235126520377124,-1.2531455135575984,-0.6712654137380731,0.8204795607184525,0.9570502685291512,326.0947948897615,0.0193777239731711,0.3754925227839119,0.2873604155251937,0.2682499953834393,0.032176412227274,0.0017934240344205,0.0022676547603976,0.0011325427487179,0.0074044928292352,0.0044613498937633,0.0002818190307548,1.6468097201e-06,34.855659388384005,0.6337047487716888,0,star_106614548aca,train
243,4,5382.434718180123,1.0193690392182575,9.376341148096405,1.55008668273122,5816.240018206056,5.444615678557515,0.2356786889326851,-2.037102615279452,-1.3472330795054148,-0.3086000912654936,0.6709709807322015,0.8656961275544082,205.4009972711177,0.0149018453243789,0.455207312108444,0.4430658237519966,0.0581052922466219,0.0140586707920666,0.0002240820225229,0.0069276991551601,0.0015391680678422,0.0009114714138698,0.0050420176953925,1.18354390046e-05,4.7819826995e-06,36.755597062582,0.2009971129711493,0,star_22bd9fdf98d2,train
