file,planet,n_points,median_point_err_ppm,A_H_ppm_mu28,point_err_in_H_mu28,point_err_in_H_mu18,point_err_in_H_mu44
GJ1132b.txt,GJ 1132 b,64,26.3,8.75,3.0,1.93,4.72
GJ341b.txt,GJ 341 b,55,17.0,2.13,7.98,5.12,12.5
GJ486b.txt,GJ 486 b,110,21.0,4.08,5.15,3.31,8.11
L98-59c.txt,L 98-59 c,106,25.8,4.94,5.22,3.36,8.22
L98-59d.txt,L 98-59 d,56,44.2,8.74,5.05,3.25,7.94
LHS1140b-NIRISS.txt,LHS 1140 b,142,45.4,3.57,12.7,8.17,19.98
LHS1140b-NIRSpec.txt,LHS 1140 b,76,30.6,3.57,8.56,5.51,13.46
LHS1140c.txt,LHS 1140 c,142,76.8,7.77,9.89,6.36,15.55
LHS475b.txt,LHS 475 b,56,33.4,6.2,5.38,3.46,8.45
TOI836b.txt,TOI-836 b,106,25.2,1.71,14.75,9.48,23.14
