file,planet,molecule,sigma_band_ppm,sigma_band_in_H_mu18,improve_x_2H_mu18,transits_x_2H_mu18,improve_x_5H_mu18,transits_x_5H_mu18,sigma_band_in_H_mu28,improve_x_2H_mu28,transits_x_2H_mu28,improve_x_5H_mu28,transits_x_5H_mu28,sigma_band_in_H_mu44,improve_x_2H_mu44,transits_x_2H_mu44,improve_x_5H_mu44,transits_x_5H_mu44
GJ1132b.txt,GJ 1132 b,CH4,9.2,0.68,1.7,3.0,0.7,0.0,1.05,2.6,7.0,1.1,1.0,1.65,4.1,17.0,1.7,3.0
GJ1132b.txt,GJ 1132 b,SO2,13.0,0.95,2.4,6.0,1.0,1.0,1.49,3.7,14.0,1.5,2.0,2.33,5.8,34.0,2.3,5.0
GJ1132b.txt,GJ 1132 b,CO2,14.1,1.04,2.6,7.0,1.0,1.0,1.61,4.0,16.0,1.6,3.0,2.53,6.3,40.0,2.5,6.0
GJ1132b.txt,GJ 1132 b,CO,21.6,1.59,4.0,16.0,1.6,3.0,2.47,6.2,38.0,2.5,6.0,3.88,9.7,94.0,3.9,15.0
GJ341b.txt,GJ 341 b,CO2,8.9,2.68,6.7,45.0,2.7,7.0,4.18,10.4,109.0,4.2,17.0,6.54,16.4,268.0,6.5,43.0
GJ341b.txt,GJ 341 b,CO,9.3,2.8,7.0,49.0,2.8,8.0,4.37,10.9,119.0,4.4,19.0,6.84,17.1,292.0,6.8,47.0
GJ486b.txt,GJ 486 b,CH4,6.8,1.07,2.7,7.0,1.1,1.0,1.67,4.2,17.0,1.7,3.0,2.63,6.6,43.0,2.6,7.0
GJ486b.txt,GJ 486 b,SO2,8.0,1.26,3.2,10.0,1.3,2.0,1.96,4.9,24.0,2.0,4.0,3.09,7.7,60.0,3.1,10.0
GJ486b.txt,GJ 486 b,CO2,7.1,1.12,2.8,8.0,1.1,1.0,1.74,4.4,19.0,1.7,3.0,2.74,6.9,47.0,2.7,8.0
GJ486b.txt,GJ 486 b,CO,11.0,1.74,4.3,19.0,1.7,3.0,2.7,6.7,45.0,2.7,7.0,4.25,10.6,113.0,4.2,18.0
L98-59c.txt,L 98-59 c,CH4,7.6,0.99,2.5,6.0,1.0,1.0,1.54,3.8,15.0,1.5,2.0,2.42,6.1,37.0,2.4,6.0
L98-59c.txt,L 98-59 c,SO2,10.6,1.38,3.5,12.0,1.4,2.0,2.15,5.4,29.0,2.1,5.0,3.38,8.4,71.0,3.4,11.0
L98-59c.txt,L 98-59 c,CO2,8.9,1.16,2.9,8.0,1.2,1.0,1.8,4.5,20.0,1.8,3.0,2.83,7.1,50.0,2.8,8.0
L98-59c.txt,L 98-59 c,CO,16.0,2.08,5.2,27.0,2.1,4.0,3.24,8.1,66.0,3.2,10.0,5.1,12.7,162.0,5.1,26.0
L98-59d.txt,L 98-59 d,CH4,23.9,1.76,4.4,19.0,1.8,3.0,2.73,6.8,47.0,2.7,7.0,4.3,10.7,115.0,4.3,18.0
L98-59d.txt,L 98-59 d,SO2,24.2,1.78,4.5,20.0,1.8,3.0,2.77,6.9,48.0,2.8,8.0,4.35,10.9,118.0,4.4,19.0
L98-59d.txt,L 98-59 d,CO2,21.6,1.59,4.0,16.0,1.6,3.0,2.47,6.2,38.0,2.5,6.0,3.88,9.7,94.0,3.9,15.0
L98-59d.txt,L 98-59 d,CO,35.2,2.59,6.5,42.0,2.6,7.0,4.03,10.1,101.0,4.0,16.0,6.33,15.8,251.0,6.3,40.0
LHS1140b-NIRISS.txt,LHS 1140 b,H2O,37.1,6.68,16.7,279.0,6.7,45.0,10.39,26.0,675.0,10.4,108.0,16.34,40.9,1669.0,16.3,267.0
LHS1140b-NIRISS.txt,LHS 1140 b,CH4,24.2,4.36,10.9,119.0,4.4,19.0,6.78,16.9,287.0,6.8,46.0,10.66,26.7,710.0,10.7,114.0
LHS1140b-NIRSpec.txt,LHS 1140 b,H2O,17.1,3.08,7.7,59.0,3.1,9.0,4.79,12.0,143.0,4.8,23.0,7.53,18.8,355.0,7.5,57.0
LHS1140b-NIRSpec.txt,LHS 1140 b,CH4,12.3,2.22,5.5,31.0,2.2,5.0,3.45,8.6,74.0,3.4,12.0,5.42,13.5,184.0,5.4,29.0
LHS1140b-NIRSpec.txt,LHS 1140 b,SO2,22.5,4.05,10.1,103.0,4.1,16.0,6.3,15.8,248.0,6.3,40.0,9.91,24.8,614.0,9.9,98.0
LHS1140b-NIRSpec.txt,LHS 1140 b,CO2,29.1,5.24,13.1,172.0,5.2,27.0,8.15,20.4,415.0,8.2,66.0,12.82,32.0,1027.0,12.8,164.0
LHS1140b-NIRSpec.txt,LHS 1140 b,CO,33.5,6.04,15.1,228.0,6.0,36.0,9.38,23.5,550.0,9.4,88.0,14.76,36.9,1361.0,14.8,218.0
LHS1140c.txt,LHS 1140 c,H2O,75.6,6.26,15.6,245.0,6.3,39.0,9.73,24.3,592.0,9.7,95.0,15.3,38.3,1464.0,15.3,234.0
LHS1140c.txt,LHS 1140 c,CH4,42.6,3.53,8.8,78.0,3.5,12.0,5.48,13.7,188.0,5.5,30.0,8.62,21.6,465.0,8.6,74.0
LHS475b.txt,LHS 475 b,CH4,13.0,1.35,3.4,11.0,1.3,2.0,2.1,5.2,27.0,2.1,4.0,3.29,8.2,68.0,3.3,11.0
LHS475b.txt,LHS 475 b,SO2,16.5,1.71,4.3,18.0,1.7,3.0,2.66,6.7,44.0,2.7,7.0,4.18,10.4,109.0,4.2,17.0
LHS475b.txt,LHS 475 b,CO2,17.0,1.76,4.4,19.0,1.8,3.0,2.74,6.9,47.0,2.7,8.0,4.3,10.8,116.0,4.3,19.0
LHS475b.txt,LHS 475 b,CO,25.6,2.65,6.6,44.0,2.7,7.0,4.13,10.3,107.0,4.1,17.0,6.48,16.2,263.0,6.5,42.0
TOI836b.txt,TOI-836 b,CH4,7.4,2.78,7.0,48.0,2.8,8.0,4.33,10.8,117.0,4.3,19.0,6.79,17.0,288.0,6.8,46.0
TOI836b.txt,TOI-836 b,SO2,9.7,3.65,9.1,83.0,3.6,13.0,5.67,14.2,201.0,5.7,32.0,8.9,22.2,495.0,8.9,79.0
TOI836b.txt,TOI-836 b,CO2,10.7,4.02,10.1,101.0,4.0,16.0,6.26,15.6,245.0,6.3,39.0,9.82,24.5,602.0,9.8,96.0
TOI836b.txt,TOI-836 b,CO,18.2,6.84,17.1,293.0,6.8,47.0,10.64,26.6,708.0,10.6,113.0,16.7,41.7,1742.0,16.7,279.0
