file,planet,molecule,n_band,n_cont,evaluable,delta_ppm,sigma_delta_ppm,z,dchi2,chi2_red_local,z_inflated,sigma_delta_inflated_ppm,ul3_ppm,injection_recovered_of_5sigma,ul3_in_H_mu18,ul3_in_H_mu28,ul3_in_H_mu44,significance_sigma
GJ1132b.txt,GJ 1132 b,H2O,5,0,False,,,,,,,,,,,,,
GJ1132b.txt,GJ 1132 b,CH4,24,10,True,31.1,9.2,3.39,11.49,0.99,3.39,9.2,58.6,5.02,4.3,6.7,10.5,3.39
GJ1132b.txt,GJ 1132 b,SO2,5,10,True,-12.4,13.0,-0.96,0.91,0.85,-0.96,13.0,38.9,5.02,2.9,4.4,7.0,0.96
GJ1132b.txt,GJ 1132 b,CO2,12,12,True,1.5,11.3,0.13,0.02,1.56,0.1,14.1,43.8,4.99,3.2,5.0,7.9,0.1
GJ1132b.txt,GJ 1132 b,CO,11,7,True,-16.4,18.7,-0.87,0.76,1.32,-0.76,21.6,64.7,4.99,4.8,7.4,11.6,0.76
GJ341b.txt,GJ 341 b,H2O,0,0,False,,,,,,,,,,,,,
GJ341b.txt,GJ 341 b,CH4,0,0,False,,,,,,,,,,,,,
GJ341b.txt,GJ 341 b,SO2,8,0,False,,,,,,,,,,,,,
GJ341b.txt,GJ 341 b,CO2,26,7,True,-3.4,8.9,-0.39,0.15,0.84,-0.39,8.9,26.6,5.02,8.0,12.5,19.6,0.39
GJ341b.txt,GJ 341 b,CO,26,7,True,-0.1,9.0,-0.02,0.0,1.07,-0.01,9.3,28.0,4.99,8.4,13.1,20.6,0.01
GJ486b.txt,GJ 486 b,H2O,2,0,False,,,,,,,,,,,,,
GJ486b.txt,GJ 486 b,CH4,32,12,True,21.3,6.0,3.55,12.58,1.28,3.14,6.8,41.7,4.99,6.6,10.2,16.1,3.14
GJ486b.txt,GJ 486 b,SO2,10,12,True,6.6,8.0,0.83,0.68,0.93,0.83,8.0,30.5,5.01,4.8,7.5,11.8,0.83
GJ486b.txt,GJ 486 b,CO2,25,19,True,1.7,7.1,0.23,0.05,0.97,0.23,7.1,22.9,5.03,3.6,5.6,8.8,0.23
GJ486b.txt,GJ 486 b,CO,25,16,True,-4.0,11.0,-0.37,0.13,0.68,-0.37,11.0,33.0,5.0,5.2,8.1,12.7,0.37
L98-59c.txt,L 98-59 c,H2O,2,0,False,,,,,,,,,,,,,
L98-59c.txt,L 98-59 c,CH4,31,13,True,3.0,7.2,0.41,0.17,1.12,0.39,7.6,25.9,4.97,3.4,5.2,8.2,0.39
L98-59c.txt,L 98-59 c,SO2,10,13,True,-7.9,9.9,-0.8,0.64,1.15,-0.75,10.6,31.8,5.0,4.1,6.4,10.1,0.75
L98-59c.txt,L 98-59 c,CO2,25,20,True,13.3,8.9,1.49,2.23,0.9,1.49,8.9,39.9,5.02,5.2,8.1,12.7,1.49
L98-59c.txt,L 98-59 c,CO,25,12,True,7.4,16.0,0.46,0.21,0.83,0.46,16.0,55.5,4.99,7.2,11.2,17.7,0.46
L98-59d.txt,L 98-59 d,H2O,1,0,False,,,,,,,,,,,,,
L98-59d.txt,L 98-59 d,CH4,20,7,True,-27.4,17.4,-1.57,2.47,1.88,-1.15,23.9,71.8,4.98,5.3,8.2,12.9,1.15
L98-59d.txt,L 98-59 d,SO2,5,7,True,18.5,24.2,0.77,0.59,1.0,0.77,24.2,91.1,5.0,6.7,10.4,16.4,0.77
L98-59d.txt,L 98-59 d,CO2,11,10,True,2.5,20.9,0.12,0.01,1.06,0.12,21.6,67.2,4.99,4.9,7.7,12.1,0.12
L98-59d.txt,L 98-59 d,CO,11,6,True,61.1,35.2,1.73,3.0,0.82,1.73,35.2,166.8,5.0,12.3,19.1,30.0,1.73
LHS1140b-NIRISS.txt,LHS 1140 b,H2O,7,14,True,-47.7,33.1,-1.44,2.08,1.25,-1.29,37.1,111.3,4.99,20.1,31.2,49.0,1.29
LHS1140b-NIRISS.txt,LHS 1140 b,CH4,11,30,True,55.3,19.5,2.84,8.08,1.55,2.28,24.2,128.0,5.01,23.1,35.9,56.4,2.28
LHS1140b-NIRISS.txt,LHS 1140 b,SO2,0,0,False,,,,,,,,,,,,,
LHS1140b-NIRISS.txt,LHS 1140 b,CO2,0,0,False,,,,,,,,,,,,,
LHS1140b-NIRISS.txt,LHS 1140 b,CO,0,0,False,,,,,,,,,,,,,
LHS1140b-NIRSpec.txt,LHS 1140 b,H2O,10,8,True,11.3,13.6,0.83,0.69,1.58,0.66,17.1,62.4,5.02,11.2,17.5,27.5,0.66
LHS1140b-NIRSpec.txt,LHS 1140 b,CH4,29,23,True,15.8,8.1,1.96,3.83,2.31,1.29,12.3,52.7,5.0,9.5,14.8,23.2,1.29
LHS1140b-NIRSpec.txt,LHS 1140 b,SO2,4,4,True,-21.4,21.4,-1.0,1.0,1.11,-0.95,22.5,67.6,5.01,12.2,18.9,29.8,0.95
LHS1140b-NIRSpec.txt,LHS 1140 b,CO2,7,5,True,13.3,21.3,0.63,0.39,1.87,0.46,29.1,100.5,5.0,18.1,28.2,44.3,0.46
LHS1140b-NIRSpec.txt,LHS 1140 b,CO,8,4,True,24.2,33.3,0.73,0.53,1.01,0.72,33.5,124.7,4.99,22.5,34.9,54.9,0.72
LHS1140c.txt,LHS 1140 c,H2O,7,14,True,116.8,57.8,2.02,4.08,1.71,1.54,75.6,343.6,5.0,28.4,44.2,69.6,1.54
LHS1140c.txt,LHS 1140 c,CH4,11,30,True,-24.2,33.7,-0.72,0.52,1.6,-0.57,42.6,127.9,5.0,10.6,16.5,25.9,0.57
LHS1140c.txt,LHS 1140 c,SO2,0,0,False,,,,,,,,,,,,,
LHS1140c.txt,LHS 1140 c,CO2,0,0,False,,,,,,,,,,,,,
LHS1140c.txt,LHS 1140 c,CO,0,0,False,,,,,,,,,,,,,
LHS475b.txt,LHS 475 b,H2O,2,0,False,,,,,,,,,,,,,
LHS475b.txt,LHS 475 b,CH4,17,5,True,-4.8,12.8,-0.37,0.14,1.04,-0.37,13.0,39.1,5.0,4.1,6.3,9.9,0.37
LHS475b.txt,LHS 475 b,SO2,6,5,True,-15.8,16.5,-0.95,0.91,0.78,-0.95,16.5,49.6,4.99,5.1,8.0,12.6,0.95
LHS475b.txt,LHS 475 b,CO2,12,8,True,-17.8,17.0,-1.05,1.11,0.85,-1.05,17.0,50.9,5.01,5.3,8.2,12.9,1.05
LHS475b.txt,LHS 475 b,CO,13,8,True,-16.3,25.6,-0.64,0.41,1.0,-0.64,25.6,76.8,5.0,8.0,12.4,19.4,0.64
TOI836b.txt,TOI-836 b,H2O,2,0,False,,,,,,,,,,,,,
TOI836b.txt,TOI-836 b,CH4,31,13,True,-0.8,6.7,-0.12,0.01,1.22,-0.11,7.4,22.3,4.98,8.4,13.0,20.5,0.11
TOI836b.txt,TOI-836 b,SO2,10,13,True,-1.2,9.6,-0.13,0.02,1.02,-0.13,9.7,29.1,5.0,10.9,17.0,26.7,0.13
TOI836b.txt,TOI-836 b,CO2,25,20,True,-1.9,8.6,-0.22,0.05,1.53,-0.18,10.7,32.0,4.99,12.0,18.7,29.4,0.18
TOI836b.txt,TOI-836 b,CO,25,12,True,31.9,16.5,1.93,3.73,1.21,1.75,18.2,86.4,5.0,32.5,50.5,79.3,1.75
