overlap_um,coarse_grid,n_coarse,n_compared,coverage,median_offset_ppm,norm_diff,norm_diff_after_offset,corr,zenodo_file,planet,local,local_files,bibcode,authors,instrument,verdict
2.362,local,60.0,59,0.98,-15.3,0.606,0.576,0.452,GJ1132b.txt,GJ 1132 b,GJ_1132_b_Transmission_GJ_1132_b_3.11819_5292_1.tbl,GJ_1132_b_Transmission_GJ_1132_b_3.11819_5292_1.tbl,2023ApJ...959L...9M,May et al. 2023,Near Infrared Spectrograph (NIRSpec),consistent within errors (different reduction or binning)
2.361,local,60.0,59,0.98,-39.5,0.756,0.526,0.464,GJ1132b.txt,GJ 1132 b,GJ_1132_b_Transmission_GJ_1132_b_3.11819_5292_2.tbl,GJ_1132_b_Transmission_GJ_1132_b_3.11819_5292_2.tbl,2023ApJ...959L...9M,May et al. 2023,Near Infrared Spectrograph (NIRSpec),consistent within errors (different reduction or binning)
2.335,local,59.0,58,0.98,9.2,0.747,0.765,0.501,GJ1132b.txt,GJ 1132 b,GJ_1132_b_Transmission_GJ_1132_b_3.11819_5292_3.tbl,GJ_1132_b_Transmission_GJ_1132_b_3.11819_5292_3.tbl,2023ApJ...959L...9M,May et al. 2023,Near Infrared Spectrograph (NIRSpec),consistent within errors (different reduction or binning)
2.334,local,59.0,58,0.98,-15.8,0.623,0.593,0.488,GJ1132b.txt,GJ 1132 b,GJ_1132_b_Transmission_GJ_1132_b_3.11819_5292_4.tbl,GJ_1132_b_Transmission_GJ_1132_b_3.11819_5292_4.tbl,2023ApJ...959L...9M,May et al. 2023,Near Infrared Spectrograph (NIRSpec),consistent within errors (different reduction or binning)
2.362,local,60.0,59,0.98,-12.2,0.724,0.671,0.332,GJ1132b.txt,GJ 1132 b,GJ_1132_b_Transmission_GJ_1132_b_3.11819_5292_5.tbl,GJ_1132_b_Transmission_GJ_1132_b_3.11819_5292_5.tbl,2023ApJ...959L...9M,May et al. 2023,Near Infrared Spectrograph (NIRSpec),consistent within errors (different reduction or binning)
2.362,local,60.0,59,0.98,-24.1,0.629,0.576,0.471,GJ1132b.txt,GJ 1132 b,GJ_1132_b_Transmission_GJ_1132_b_3.11819_5292_6.tbl,GJ_1132_b_Transmission_GJ_1132_b_3.11819_5292_6.tbl,2023ApJ...959L...9M,May et al. 2023,Near Infrared Spectrograph (NIRSpec),consistent within errors (different reduction or binning)
2.396,zenodo,62.0,60,0.97,-2.3,1.552,1.532,0.31,GJ1132b.txt,GJ 1132 b,GJ_1132_b_Transmission_GJ_1132_b_3.11819_5867_1.tbl,GJ_1132_b_Transmission_GJ_1132_b_3.11819_5867_1.tbl,2025AJ....170..205B,Bennett et al. 2025,Near Infrared Spectrograph (NIRSpec) - G395H,INCONSISTENT
2.396,zenodo,62.0,60,0.97,27.0,1.258,1.113,0.43,GJ1132b.txt,GJ 1132 b,GJ_1132_b_Transmission_GJ_1132_b_3.11819_5867_2.tbl,GJ_1132_b_Transmission_GJ_1132_b_3.11819_5867_2.tbl,2025AJ....170..205B,Bennett et al. 2025,Near Infrared Spectrograph (NIRSpec) - G395H,INCONSISTENT
2.398,zenodo,63.0,62,0.98,35.2,2.0,1.721,0.431,GJ1132b.txt,GJ 1132 b,GJ_1132_b_Transmission_GJ_1132_b_3.11819_5867_3.tbl,GJ_1132_b_Transmission_GJ_1132_b_3.11819_5867_3.tbl,2025AJ....170..205B,Bennett et al. 2025,Near Infrared Spectrograph (NIRSpec) - G395M,INCONSISTENT
2.398,zenodo,63.0,62,0.98,-28.7,1.582,1.378,0.233,GJ1132b.txt,GJ 1132 b,GJ_1132_b_Transmission_GJ_1132_b_3.11819_5867_4.tbl,GJ_1132_b_Transmission_GJ_1132_b_3.11819_5867_4.tbl,2025AJ....170..205B,Bennett et al. 2025,Near Infrared Spectrograph (NIRSpec) - G395M,INCONSISTENT
2.187,local,54.0,53,0.98,-0.2,0.672,0.67,0.457,GJ1132b.txt,GJ 1132 b,GJ_1132_b_Transmission_GJ_1132_b_3.11819_5867_5.tbl,GJ_1132_b_Transmission_GJ_1132_b_3.11819_5867_5.tbl,2025AJ....170..205B,Bennett et al. 2025,Near Infrared Spectrograph (NIRSpec) - G395H,consistent within errors (different reduction or binning)
2.187,local,54.0,53,0.98,-33.6,0.842,0.504,0.436,GJ1132b.txt,GJ 1132 b,GJ_1132_b_Transmission_GJ_1132_b_3.11819_5867_6.tbl,GJ_1132_b_Transmission_GJ_1132_b_3.11819_5867_6.tbl,2025AJ....170..205B,Bennett et al. 2025,Near Infrared Spectrograph (NIRSpec) - G395H,consistent within errors (different reduction or binning)
2.229,local,57.0,57,1.0,-7.8,0.789,0.851,0.383,GJ1132b.txt,GJ 1132 b,GJ_1132_b_Transmission_GJ_1132_b_3.11819_5867_7.tbl,GJ_1132_b_Transmission_GJ_1132_b_3.11819_5867_7.tbl,2025AJ....170..205B,Bennett et al. 2025,Near Infrared Spectrograph (NIRSpec) - G395M,consistent within errors (different reduction or binning)
2.229,local,57.0,57,1.0,0.9,0.653,0.653,0.323,GJ1132b.txt,GJ 1132 b,GJ_1132_b_Transmission_GJ_1132_b_3.11819_5867_8.tbl,GJ_1132_b_Transmission_GJ_1132_b_3.11819_5867_8.tbl,2025AJ....170..205B,Bennett et al. 2025,Near Infrared Spectrograph (NIRSpec) - G395M,consistent within errors (different reduction or binning)
2.396,zenodo,62.0,60,0.97,31.4,1.397,1.249,0.533,GJ1132b.txt,GJ 1132 b,GJ_1132_b_Transmission_GJ_1132_b_3.11819_5867_9.tbl,GJ_1132_b_Transmission_GJ_1132_b_3.11819_5867_9.tbl,2025AJ....170..205B,Bennett et al. 2025,Near Infrared Spectrograph (NIRSpec) - G395H,INCONSISTENT
2.396,zenodo,62.0,60,0.97,53.1,2.128,1.014,0.577,GJ1132b.txt,GJ 1132 b,GJ_1132_b_Transmission_GJ_1132_b_3.11819_5867_10.tbl,GJ_1132_b_Transmission_GJ_1132_b_3.11819_5867_10.tbl,2025AJ....170..205B,Bennett et al. 2025,Near Infrared Spectrograph (NIRSpec) - G395H,INCONSISTENT
2.398,zenodo,63.0,62,0.98,19.9,1.802,1.605,0.414,GJ1132b.txt,GJ 1132 b,GJ_1132_b_Transmission_GJ_1132_b_3.11819_5867_11.tbl,GJ_1132_b_Transmission_GJ_1132_b_3.11819_5867_11.tbl,2025AJ....170..205B,Bennett et al. 2025,Near Infrared Spectrograph (NIRSpec) - G395M,INCONSISTENT
2.398,zenodo,63.0,62,0.98,14.2,1.277,1.427,0.325,GJ1132b.txt,GJ 1132 b,GJ_1132_b_Transmission_GJ_1132_b_3.11819_5867_12.tbl,GJ_1132_b_Transmission_GJ_1132_b_3.11819_5867_12.tbl,2025AJ....170..205B,Bennett et al. 2025,Near Infrared Spectrograph (NIRSpec) - G395M,INCONSISTENT
2.398,zenodo,63.0,62,0.98,10.4,0.513,0.404,0.819,GJ1132b.txt,GJ 1132 b,GJ_1132_b_Transmission_GJ_1132_b_3.11819_5867_13.tbl,GJ_1132_b_Transmission_GJ_1132_b_3.11819_5867_13.tbl,2025AJ....170..205B,Bennett et al. 2025,Near Infrared Spectrograph (NIRSpec),consistent within errors (different reduction or binning)
2.229,local,57.0,57,1.0,-11.1,0.509,0.398,0.844,GJ1132b.txt,GJ 1132 b,GJ_1132_b_Transmission_GJ_1132_b_3.11819_5867_14.tbl,GJ_1132_b_Transmission_GJ_1132_b_3.11819_5867_14.tbl,2025AJ....170..205B,Bennett et al. 2025,Near Infrared Spectrograph (NIRSpec),consistent within errors (different reduction or binning)
2.398,zenodo,63.0,62,0.98,30.3,1.154,0.296,0.939,GJ1132b.txt,GJ 1132 b,GJ_1132_b_Transmission_GJ_1132_b_3.11819_5867_15.tbl,GJ_1132_b_Transmission_GJ_1132_b_3.11819_5867_15.tbl,2025AJ....170..205B,Bennett et al. 2025,Near Infrared Spectrograph (NIRSpec),INCONSISTENT
2.362,zenodo,62.0,59,0.95,18.6,1.038,0.673,0.577,GJ1132b.txt,GJ 1132 b,"COMBINED 6 files (May et al. 2023, Near Infrared Spectrograph (NIRSpec))",GJ_1132_b_Transmission_GJ_1132_b_3.11819_5292_1.tbl;GJ_1132_b_Transmission_GJ_1132_b_3.11819_5292_2.tbl;GJ_1132_b_Transmission_GJ_1132_b_3.11819_5292_3.tbl;GJ_1132_b_Transmission_GJ_1132_b_3.11819_5292_4.tbl;GJ_1132_b_Transmission_GJ_1132_b_3.11819_5292_5.tbl;GJ_1132_b_Transmission_GJ_1132_b_3.11819_5292_6.tbl,2023ApJ...959L...9M,May et al. 2023,Near Infrared Spectrograph (NIRSpec),INCONSISTENT
2.398,zenodo,63.0,62,0.98,17.9,0.605,0.35,0.913,GJ1132b.txt,GJ 1132 b,"COMBINED 3 files (Bennett et al. 2025, Near Infrared Spectrograph (NIRSpec))",GJ_1132_b_Transmission_GJ_1132_b_3.11819_5867_13.tbl;GJ_1132_b_Transmission_GJ_1132_b_3.11819_5867_14.tbl;GJ_1132_b_Transmission_GJ_1132_b_3.11819_5867_15.tbl,2025AJ....170..205B,Bennett et al. 2025,Near Infrared Spectrograph (NIRSpec),consistent within errors (different reduction or binning)
2.396,zenodo,62.0,60,0.97,27.4,1.236,0.652,0.65,GJ1132b.txt,GJ 1132 b,"COMBINED 6 files (Bennett et al. 2025, Near Infrared Spectrograph (NIRSpec) - G395H)",GJ_1132_b_Transmission_GJ_1132_b_3.11819_5867_1.tbl;GJ_1132_b_Transmission_GJ_1132_b_3.11819_5867_2.tbl;GJ_1132_b_Transmission_GJ_1132_b_3.11819_5867_5.tbl;GJ_1132_b_Transmission_GJ_1132_b_3.11819_5867_6.tbl;GJ_1132_b_Transmission_GJ_1132_b_3.11819_5867_9.tbl;GJ_1132_b_Transmission_GJ_1132_b_3.11819_5867_10.tbl,2025AJ....170..205B,Bennett et al. 2025,Near Infrared Spectrograph (NIRSpec) - G395H,INCONSISTENT
2.398,zenodo,63.0,62,0.98,12.6,0.902,1.002,0.561,GJ1132b.txt,GJ 1132 b,"COMBINED 6 files (Bennett et al. 2025, Near Infrared Spectrograph (NIRSpec) - G395M)",GJ_1132_b_Transmission_GJ_1132_b_3.11819_5867_3.tbl;GJ_1132_b_Transmission_GJ_1132_b_3.11819_5867_4.tbl;GJ_1132_b_Transmission_GJ_1132_b_3.11819_5867_7.tbl;GJ_1132_b_Transmission_GJ_1132_b_3.11819_5867_8.tbl;GJ_1132_b_Transmission_GJ_1132_b_3.11819_5867_11.tbl;GJ_1132_b_Transmission_GJ_1132_b_3.11819_5867_12.tbl,2025AJ....170..205B,Bennett et al. 2025,Near Infrared Spectrograph (NIRSpec) - G395M,consistent within errors (different reduction or binning)
1.038,zenodo,52.0,52,1.0,19.1,1.661,1.041,0.371,GJ341b.txt,GJ 341 b,GJ_341_b_Transmission_GJ_341_b_3.19698_5705_12.tbl,GJ_341_b_Transmission_GJ_341_b_3.19698_5705_12.tbl,2024AJ....167...90K,Kirk et al. 2024,Near Infrared Camera (NIRCam),INCONSISTENT
1.038,zenodo,52.0,52,1.0,16.3,1.392,0.805,0.288,GJ341b.txt,GJ 341 b,GJ_341_b_Transmission_GJ_341_b_3.19698_5705_11.tbl,GJ_341_b_Transmission_GJ_341_b_3.19698_5705_11.tbl,2024AJ....167...90K,Kirk et al. 2024,Near Infrared Camera (NIRCam),INCONSISTENT
1.038,zenodo,52.0,52,1.0,13.9,1.146,0.989,0.266,GJ341b.txt,GJ 341 b,GJ_341_b_Transmission_GJ_341_b_3.19698_5705_10.tbl,GJ_341_b_Transmission_GJ_341_b_3.19698_5705_10.tbl,2024AJ....167...90K,Kirk et al. 2024,Near Infrared Camera (NIRCam),INCONSISTENT
1.038,zenodo,52.0,52,1.0,14.7,1.029,0.565,0.532,GJ341b.txt,GJ 341 b,GJ_341_b_Transmission_GJ_341_b_3.19698_5705_9.tbl,GJ_341_b_Transmission_GJ_341_b_3.19698_5705_9.tbl,2024AJ....167...90K,Kirk et al. 2024,Near Infrared Camera (NIRCam),INCONSISTENT
1.08,zenodo,55.0,54,0.98,16.1,1.292,1.007,0.159,GJ341b.txt,GJ 341 b,GJ_341_b_Transmission_GJ_341_b_3.19698_5705_8.tbl,GJ_341_b_Transmission_GJ_341_b_3.19698_5705_8.tbl,2024AJ....167...90K,Kirk et al. 2024,Near Infrared Camera (NIRCam),INCONSISTENT
1.08,zenodo,55.0,54,0.98,16.4,1.069,0.979,0.257,GJ341b.txt,GJ 341 b,GJ_341_b_Transmission_GJ_341_b_3.19698_5705_7.tbl,GJ_341_b_Transmission_GJ_341_b_3.19698_5705_7.tbl,2024AJ....167...90K,Kirk et al. 2024,Near Infrared Camera (NIRCam),INCONSISTENT
1.08,zenodo,55.0,54,0.98,22.8,1.214,0.913,0.54,GJ341b.txt,GJ 341 b,GJ_341_b_Transmission_GJ_341_b_3.19698_5705_6.tbl,GJ_341_b_Transmission_GJ_341_b_3.19698_5705_6.tbl,2024AJ....167...90K,Kirk et al. 2024,Near Infrared Camera (NIRCam),INCONSISTENT
1.08,zenodo,55.0,54,0.98,17.5,1.064,0.702,0.511,GJ341b.txt,GJ 341 b,GJ_341_b_Transmission_GJ_341_b_3.19698_5705_5.tbl,GJ_341_b_Transmission_GJ_341_b_3.19698_5705_5.tbl,2024AJ....167...90K,Kirk et al. 2024,Near Infrared Camera (NIRCam),INCONSISTENT
1.08,zenodo,55.0,55,1.0,12.8,0.952,0.939,0.549,GJ341b.txt,GJ 341 b,GJ_341_b_Transmission_GJ_341_b_3.19698_5705_4.tbl,GJ_341_b_Transmission_GJ_341_b_3.19698_5705_4.tbl,2024AJ....167...90K,Kirk et al. 2024,Near Infrared Camera (NIRCam),consistent within errors (different reduction or binning)
1.08,zenodo,55.0,55,1.0,-0.4,1.044,1.025,0.595,GJ341b.txt,GJ 341 b,GJ_341_b_Transmission_GJ_341_b_3.19698_5705_3.tbl,GJ_341_b_Transmission_GJ_341_b_3.19698_5705_3.tbl,2024AJ....167...90K,Kirk et al. 2024,Near Infrared Camera (NIRCam),INCONSISTENT
1.08,zenodo,55.0,55,1.0,-10.6,0.913,0.847,0.688,GJ341b.txt,GJ 341 b,GJ_341_b_Transmission_GJ_341_b_3.19698_5705_2.tbl,GJ_341_b_Transmission_GJ_341_b_3.19698_5705_2.tbl,2024AJ....167...90K,Kirk et al. 2024,Near Infrared Camera (NIRCam),consistent within errors (different reduction or binning)
1.08,zenodo,55.0,55,1.0,-0.0,0.002,0.001,1.0,GJ341b.txt,GJ 341 b,GJ_341_b_Transmission_GJ_341_b_3.19698_5705_1.tbl,GJ_341_b_Transmission_GJ_341_b_3.19698_5705_1.tbl,2024AJ....167...90K,Kirk et al. 2024,Near Infrared Camera (NIRCam),same data (re-binned)
1.08,zenodo,55.0,55,1.0,11.7,0.717,0.244,0.905,GJ341b.txt,GJ 341 b,"COMBINED 12 files (Kirk et al. 2024, Near Infrared Camera (NIRCam))",GJ_341_b_Transmission_GJ_341_b_3.19698_5705_12.tbl;GJ_341_b_Transmission_GJ_341_b_3.19698_5705_11.tbl;GJ_341_b_Transmission_GJ_341_b_3.19698_5705_10.tbl;GJ_341_b_Transmission_GJ_341_b_3.19698_5705_9.tbl;GJ_341_b_Transmission_GJ_341_b_3.19698_5705_8.tbl;GJ_341_b_Transmission_GJ_341_b_3.19698_5705_7.tbl;GJ_341_b_Transmission_GJ_341_b_3.19698_5705_6.tbl;GJ_341_b_Transmission_GJ_341_b_3.19698_5705_5.tbl;GJ_341_b_Transmission_GJ_341_b_3.19698_5705_4.tbl;GJ_341_b_Transmission_GJ_341_b_3.19698_5705_3.tbl;GJ_341_b_Transmission_GJ_341_b_3.19698_5705_2.tbl;GJ_341_b_Transmission_GJ_341_b_3.19698_5705_1.tbl,2024AJ....167...90K,Kirk et al. 2024,Near Infrared Camera (NIRCam),same data up to a constant depth offset
2.288,zenodo,110.0,110,1.0,0.0,0.0,0.0,1.0,GJ486b.txt,GJ 486 b,GJ_486_b_Transmission_GJ_486_b_3.12681_5146_1.tbl,GJ_486_b_Transmission_GJ_486_b_3.12681_5146_1.tbl,2023ApJ...948L..11M,Moran et al. 2023,Near Infrared Spectrograph (NIRSpec),same data (re-binned)
2.159,local,45.0,45,1.0,68.0,3.32,0.476,0.43,GJ486b.txt,GJ 486 b,GJ_486_b_Transmission_GJ_486_b_3.12681_5146_2.tbl,GJ_486_b_Transmission_GJ_486_b_3.12681_5146_2.tbl,2023ApJ...948L..11M,Moran et al. 2023,Near Infrared Spectrograph (NIRSpec),INCONSISTENT
2.252,local,46.0,46,1.0,13.5,1.087,0.69,0.461,GJ486b.txt,GJ 486 b,GJ_486_b_Transmission_GJ_486_b_3.12681_5146_3.tbl,GJ_486_b_Transmission_GJ_486_b_3.12681_5146_3.tbl,2023ApJ...948L..11M,Moran et al. 2023,Near Infrared Spectrograph (NIRSpec),INCONSISTENT
2.288,zenodo,110.0,110,1.0,-11.3,0.595,0.523,0.733,GJ486b.txt,GJ 486 b,"COMBINED 3 files (Moran et al. 2023, Near Infrared Spectrograph (NIRSpec))",GJ_486_b_Transmission_GJ_486_b_3.12681_5146_1.tbl;GJ_486_b_Transmission_GJ_486_b_3.12681_5146_2.tbl;GJ_486_b_Transmission_GJ_486_b_3.12681_5146_3.tbl,2023ApJ...948L..11M,Moran et al. 2023,Near Infrared Spectrograph (NIRSpec),consistent within errors (different reduction or binning)
2.199,zenodo,106.0,106,1.0,-0.1,0.711,0.709,0.586,L98-59c.txt,L 98-59 c,L_98-59_c_Transmission_L_98_59_c_3.12373_5503_1.tbl,L_98-59_c_Transmission_L_98_59_c_3.12373_5503_1.tbl,2024AJ....168..276S,Scarsdale et al. 2024,Near Infrared Spectrograph (NIRSpec),consistent within errors (different reduction or binning)
2.199,zenodo,106.0,106,1.0,-1.8,0.688,0.724,0.642,L98-59c.txt,L 98-59 c,L_98-59_c_Transmission_L_98_59_c_3.12373_5503_2.tbl,L_98-59_c_Transmission_L_98_59_c_3.12373_5503_2.tbl,2024AJ....168..276S,Scarsdale et al. 2024,Near Infrared Spectrograph (NIRSpec),consistent within errors (different reduction or binning)
2.199,local,104.0,104,1.0,19.9,0.819,0.711,0.45,L98-59c.txt,L 98-59 c,L_98-59_c_Transmission_L_98_59_c_3.12373_5503_3.tbl,L_98-59_c_Transmission_L_98_59_c_3.12373_5503_3.tbl,2024AJ....168..276S,Scarsdale et al. 2024,Near Infrared Spectrograph (NIRSpec),consistent within errors (different reduction or binning)
2.199,zenodo,106.0,106,1.0,-14.8,0.773,0.861,0.549,L98-59c.txt,L 98-59 c,L_98-59_c_Transmission_L_98_59_c_3.12373_5503_4.tbl,L_98-59_c_Transmission_L_98_59_c_3.12373_5503_4.tbl,2024AJ....168..276S,Scarsdale et al. 2024,Near Infrared Spectrograph (NIRSpec),consistent within errors (different reduction or binning)
2.199,zenodo,106.0,106,1.0,-10.1,0.397,0.203,0.934,L98-59c.txt,L 98-59 c,"COMBINED 4 files (Scarsdale et al. 2024, Near Infrared Spectrograph (NIRSpec))",L_98-59_c_Transmission_L_98_59_c_3.12373_5503_1.tbl;L_98-59_c_Transmission_L_98_59_c_3.12373_5503_2.tbl;L_98-59_c_Transmission_L_98_59_c_3.12373_5503_3.tbl;L_98-59_c_Transmission_L_98_59_c_3.12373_5503_4.tbl,2024AJ....168..276S,Scarsdale et al. 2024,Near Infrared Spectrograph (NIRSpec),same data up to a constant depth offset
2.27,zenodo,55.0,54,0.98,0.0,0.004,0.004,1.0,L98-59d.txt,L 98-59 d,L_98-59_d_Transmission_L_98_59_d_3.12374_5499_1.tbl,L_98-59_d_Transmission_L_98_59_d_3.12374_5499_1.tbl,2024ApJ...975L..10G,Gressier et al. 2024,Near Infrared Spectrograph (NIRSpec),same data (re-binned)
1.998,local,141.0,141,1.0,-85.6,2.15,0.371,0.738,LHS1140b-NIRISS.txt,LHS 1140 b,LHS_1140_b_Transmission_LHS_1140_b_3.12019_5422_1.tbl,LHS_1140_b_Transmission_LHS_1140_b_3.12019_5422_1.tbl,2024ApJ...970L...2C,Cadieux et al. 2024,Near Infrared Imager and Slitless Spectrograph (NIRISS),INCONSISTENT
0.973,local,29.0,29,1.0,-164.9,5.924,2.092,0.029,LHS1140b-NIRISS.txt,LHS 1140 b,LHS_1140_b_Transmission_LHS_1140_b_3.12019_5435_1.tbl,LHS_1140_b_Transmission_LHS_1140_b_3.12019_5435_1.tbl,2024ApJ...968L..22D,Damiano et al. 2024,Near Infrared Spectrograph (NIRSpec),INCONSISTENT
0.0,,,0,,,,,,LHS1140b-NIRISS.txt,LHS 1140 b,LHS_1140_b_Transmission_LHS_1140_b_3.12019_5435_2.tbl,LHS_1140_b_Transmission_LHS_1140_b_3.12019_5435_2.tbl,2024ApJ...968L..22D,Damiano et al. 2024,Near Infrared Spectrograph (NIRSpec),no overlap
0.973,local,29.0,29,1.0,-164.9,5.924,2.092,0.029,LHS1140b-NIRISS.txt,LHS 1140 b,"COMBINED 2 files (Damiano et al. 2024, Near Infrared Spectrograph (NIRSpec))",LHS_1140_b_Transmission_LHS_1140_b_3.12019_5435_1.tbl;LHS_1140_b_Transmission_LHS_1140_b_3.12019_5435_2.tbl,2024ApJ...968L..22D,Damiano et al. 2024,Near Infrared Spectrograph (NIRSpec),INCONSISTENT
0.973,zenodo,29.0,29,1.0,-85.4,3.17,2.332,-0.023,LHS1140b-NIRSpec.txt,LHS 1140 b,LHS_1140_b_Transmission_LHS_1140_b_3.12019_5422_1.tbl,LHS_1140_b_Transmission_LHS_1140_b_3.12019_5422_1.tbl,2024ApJ...970L...2C,Cadieux et al. 2024,Near Infrared Imager and Slitless Spectrograph (NIRISS),INCONSISTENT
1.374,local,39.0,39,1.0,-0.0,0.001,0.001,0.957,LHS1140b-NIRSpec.txt,LHS 1140 b,LHS_1140_b_Transmission_LHS_1140_b_3.12019_5435_1.tbl,LHS_1140_b_Transmission_LHS_1140_b_3.12019_5435_1.tbl,2024ApJ...968L..22D,Damiano et al. 2024,Near Infrared Spectrograph (NIRSpec),same data (re-binned)
2.248,local,37.0,37,1.0,0.0,0.001,0.001,0.884,LHS1140b-NIRSpec.txt,LHS 1140 b,LHS_1140_b_Transmission_LHS_1140_b_3.12019_5435_2.tbl,LHS_1140_b_Transmission_LHS_1140_b_3.12019_5435_2.tbl,2024ApJ...968L..22D,Damiano et al. 2024,Near Infrared Spectrograph (NIRSpec),same data (re-binned)
3.472,zenodo,76.0,76,1.0,0.0,0.001,0.001,0.969,LHS1140b-NIRSpec.txt,LHS 1140 b,"COMBINED 2 files (Damiano et al. 2024, Near Infrared Spectrograph (NIRSpec))",LHS_1140_b_Transmission_LHS_1140_b_3.12019_5435_1.tbl;LHS_1140_b_Transmission_LHS_1140_b_3.12019_5435_2.tbl,2024ApJ...968L..22D,Damiano et al. 2024,Near Infrared Spectrograph (NIRSpec),same data (re-binned)
1.998,zenodo,142.0,142,1.0,0.0,0.0,0.0,0.997,LHS1140c.txt,LHS 1140 c,LHS_1140_c_Transmission_LHS_1140_c_3.12258_5422_2.tbl,LHS_1140_c_Transmission_LHS_1140_c_3.12258_5422_2.tbl,2024ApJ...970L...2C,Cadieux et al. 2024,Near Infrared Imager and Slitless Spectrograph (NIRISS),same data (re-binned)
2.259,zenodo,54.0,54,1.0,45.2,1.797,1.012,0.037,LHS475b.txt,LHS 475 b,LHS_475_b_Transmission_LHS_475_b_3.13814_5239_2.tbl,LHS_475_b_Transmission_LHS_475_b_3.13814_5239_2.tbl,2023NatAs...7.1317L,Lustig-Yaeger et al. 2023,Near Infrared Spectrograph (NIRSpec) - G395H,INCONSISTENT
2.315,zenodo,56.0,56,1.0,33.4,1.081,0.767,0.54,LHS475b.txt,LHS 475 b,LHS_475_b_Transmission_LHS_475_b_3.13814_5239_1.tbl,LHS_475_b_Transmission_LHS_475_b_3.13814_5239_1.tbl,2023NatAs...7.1317L,Lustig-Yaeger et al. 2023,Near Infrared Spectrograph (NIRSpec) - G395H,INCONSISTENT
2.315,zenodo,56.0,56,1.0,1.1,0.103,0.083,0.884,LHS475b.txt,LHS 475 b,LHS_475_b_Transmission_LHS_475_b_3.13814_5239_3.tbl,LHS_475_b_Transmission_LHS_475_b_3.13814_5239_3.tbl,2023NatAs...7.1317L,Lustig-Yaeger et al. 2023,Near Infrared Spectrograph (NIRSpec) - G395H,same data (re-binned)
2.315,zenodo,54.0,54,1.0,-0.0,0.001,0.001,1.0,LHS475b.txt,LHS 475 b,LHS_475_b_Transmission_LHS_475_b_3.13814_5239_4.tbl,LHS_475_b_Transmission_LHS_475_b_3.13814_5239_4.tbl,2023NatAs...7.1317L,Lustig-Yaeger et al. 2023,Near Infrared Spectrograph (NIRSpec) - G395H,same data (re-binned)
2.315,zenodo,56.0,56,1.0,26.3,0.816,0.242,0.759,LHS475b.txt,LHS 475 b,"COMBINED 4 files (Lustig-Yaeger et al. 2023, Near Infrared Spectrograph (NIRSpec) - G395H)",LHS_475_b_Transmission_LHS_475_b_3.13814_5239_2.tbl;LHS_475_b_Transmission_LHS_475_b_3.13814_5239_1.tbl;LHS_475_b_Transmission_LHS_475_b_3.13814_5239_3.tbl;LHS_475_b_Transmission_LHS_475_b_3.13814_5239_4.tbl,2023NatAs...7.1317L,Lustig-Yaeger et al. 2023,Near Infrared Spectrograph (NIRSpec) - G395H,same data up to a constant depth offset
2.199,zenodo,105.0,104,0.99,6.8,0.821,0.762,0.714,TOI836b.txt,TOI-836 b,TOI-836_b_Transmission_TOI_836_b_3.13742_5454_1.tbl,TOI-836_b_Transmission_TOI_836_b_3.13742_5454_1.tbl,2024AJ....167..216A,Alderson et al. 2024,Near Infrared Spectrograph (NIRSpec),consistent within errors (different reduction or binning)
2.199,zenodo,105.0,104,0.99,-3.3,0.834,0.838,0.695,TOI836b.txt,TOI-836 b,TOI-836_b_Transmission_TOI_836_b_3.13742_5454_2.tbl,TOI-836_b_Transmission_TOI_836_b_3.13742_5454_2.tbl,2024AJ....167..216A,Alderson et al. 2024,Near Infrared Spectrograph (NIRSpec),consistent within errors (different reduction or binning)
2.2,zenodo,104.0,104,1.0,0.2,0.594,0.597,0.775,TOI836b.txt,TOI-836 b,TOI-836_b_Transmission_TOI_836_b_3.13742_5454_3.tbl,TOI-836_b_Transmission_TOI_836_b_3.13742_5454_3.tbl,2024AJ....167..216A,Alderson et al. 2024,Near Infrared Spectrograph (NIRSpec),consistent within errors (different reduction or binning)
2.199,zenodo,105.0,104,0.99,-0.2,0.662,0.67,0.7,TOI836b.txt,TOI-836 b,TOI-836_b_Transmission_TOI_836_b_3.13742_5454_4.tbl,TOI-836_b_Transmission_TOI_836_b_3.13742_5454_4.tbl,2024AJ....167..216A,Alderson et al. 2024,Near Infrared Spectrograph (NIRSpec),consistent within errors (different reduction or binning)
2.199,zenodo,105.0,104,0.99,-4.5,0.305,0.278,0.93,TOI836b.txt,TOI-836 b,TOI-836_b_Transmission_TOI_836_b_3.13742_5454_5.tbl,TOI-836_b_Transmission_TOI_836_b_3.13742_5454_5.tbl,2024AJ....167..216A,Alderson et al. 2024,Near Infrared Spectrograph (NIRSpec),consistent within errors (different reduction or binning)
2.2,zenodo,105.0,105,1.0,-1.8,0.173,0.202,0.965,TOI836b.txt,TOI-836 b,"COMBINED 5 files (Alderson et al. 2024, Near Infrared Spectrograph (NIRSpec))",TOI-836_b_Transmission_TOI_836_b_3.13742_5454_1.tbl;TOI-836_b_Transmission_TOI_836_b_3.13742_5454_2.tbl;TOI-836_b_Transmission_TOI_836_b_3.13742_5454_3.tbl;TOI-836_b_Transmission_TOI_836_b_3.13742_5454_4.tbl;TOI-836_b_Transmission_TOI_836_b_3.13742_5454_5.tbl,2024AJ....167..216A,Alderson et al. 2024,Near Infrared Spectrograph (NIRSpec),same data (re-binned)
2.006,zenodo,49.0,49,1.0,-149.7,1.082,0.863,-0.182,TRAPPIST1b.txt,TRAPPIST-1 b,TRAPPIST-1_b_Transmission_TRAPPIST_1_b_3.11876_5704_1.tbl,TRAPPIST-1_b_Transmission_TRAPPIST_1_b_3.11876_5704_1.tbl,2025ApJ...979L..19R,Rathcke et al. 2025,Near Infrared Spectrograph (NIRSpec) - PRISM,INCONSISTENT
