zenodo_file,planet,local,local_files,bibcode,authors,instrument,coverage,median_offset_ppm,norm_diff,norm_diff_after_offset,corr,verdict
GJ1132b.txt,GJ 1132 b,GJ_1132_b_Transmission_GJ_1132_b_3.11819_5867_14.tbl,GJ_1132_b_Transmission_GJ_1132_b_3.11819_5867_14.tbl,2025AJ....170..205B,Bennett et al. 2025,Near Infrared Spectrograph (NIRSpec),1.0,-11.1,0.509,0.398,0.844,consistent within errors (different reduction or binning)
GJ341b.txt,GJ 341 b,GJ_341_b_Transmission_GJ_341_b_3.19698_5705_1.tbl,GJ_341_b_Transmission_GJ_341_b_3.19698_5705_1.tbl,2024AJ....167...90K,Kirk et al. 2024,Near Infrared Camera (NIRCam),1.0,-0.0,0.002,0.001,1.0,same data (re-binned)
GJ486b.txt,GJ 486 b,GJ_486_b_Transmission_GJ_486_b_3.12681_5146_1.tbl,GJ_486_b_Transmission_GJ_486_b_3.12681_5146_1.tbl,2023ApJ...948L..11M,Moran et al. 2023,Near Infrared Spectrograph (NIRSpec),1.0,0.0,0.0,0.0,1.0,same data (re-binned)
L98-59c.txt,L 98-59 c,"COMBINED 4 files (Scarsdale et al. 2024, Near Infrared Spectrograph (NIRSpec))",L_98-59_c_Transmission_L_98_59_c_3.12373_5503_1.tbl;L_98-59_c_Transmission_L_98_59_c_3.12373_5503_2.tbl;L_98-59_c_Transmission_L_98_59_c_3.12373_5503_3.tbl;L_98-59_c_Transmission_L_98_59_c_3.12373_5503_4.tbl,2024AJ....168..276S,Scarsdale et al. 2024,Near Infrared Spectrograph (NIRSpec),1.0,-10.1,0.397,0.203,0.934,same data up to a constant depth offset
L98-59d.txt,L 98-59 d,L_98-59_d_Transmission_L_98_59_d_3.12374_5499_1.tbl,L_98-59_d_Transmission_L_98_59_d_3.12374_5499_1.tbl,2024ApJ...975L..10G,Gressier et al. 2024,Near Infrared Spectrograph (NIRSpec),0.98,0.0,0.004,0.004,1.0,same data (re-binned)
LHS1140b-NIRISS.txt,LHS 1140 b,LHS_1140_b_Transmission_LHS_1140_b_3.12019_5422_1.tbl,LHS_1140_b_Transmission_LHS_1140_b_3.12019_5422_1.tbl,2024ApJ...970L...2C,Cadieux et al. 2024,Near Infrared Imager and Slitless Spectrograph (NIRISS),1.0,-85.6,2.15,0.371,0.738,INCONSISTENT
LHS1140b-NIRSpec.txt,LHS 1140 b,LHS_1140_b_Transmission_LHS_1140_b_3.12019_5435_1.tbl,LHS_1140_b_Transmission_LHS_1140_b_3.12019_5435_1.tbl,2024ApJ...968L..22D,Damiano et al. 2024,Near Infrared Spectrograph (NIRSpec),1.0,-0.0,0.001,0.001,0.957,same data (re-binned)
LHS1140c.txt,LHS 1140 c,LHS_1140_c_Transmission_LHS_1140_c_3.12258_5422_2.tbl,LHS_1140_c_Transmission_LHS_1140_c_3.12258_5422_2.tbl,2024ApJ...970L...2C,Cadieux et al. 2024,Near Infrared Imager and Slitless Spectrograph (NIRISS),1.0,0.0,0.0,0.0,0.997,same data (re-binned)
LHS475b.txt,LHS 475 b,LHS_475_b_Transmission_LHS_475_b_3.13814_5239_4.tbl,LHS_475_b_Transmission_LHS_475_b_3.13814_5239_4.tbl,2023NatAs...7.1317L,Lustig-Yaeger et al. 2023,Near Infrared Spectrograph (NIRSpec) - G395H,1.0,-0.0,0.001,0.001,1.0,same data (re-binned)
TOI836b.txt,TOI-836 b,"COMBINED 5 files (Alderson et al. 2024, Near Infrared Spectrograph (NIRSpec))",TOI-836_b_Transmission_TOI_836_b_3.13742_5454_1.tbl;TOI-836_b_Transmission_TOI_836_b_3.13742_5454_2.tbl;TOI-836_b_Transmission_TOI_836_b_3.13742_5454_3.tbl;TOI-836_b_Transmission_TOI_836_b_3.13742_5454_4.tbl;TOI-836_b_Transmission_TOI_836_b_3.13742_5454_5.tbl,2024AJ....167..216A,Alderson et al. 2024,Near Infrared Spectrograph (NIRSpec),1.0,-1.8,0.173,0.202,0.965,same data (re-binned)
TRAPPIST1b.txt,TRAPPIST-1 b,TRAPPIST-1_b_Transmission_TRAPPIST_1_b_3.11876_5704_1.tbl,TRAPPIST-1_b_Transmission_TRAPPIST_1_b_3.11876_5704_1.tbl,2025ApJ...979L..19R,Rathcke et al. 2025,Near Infrared Spectrograph (NIRSpec) - PRISM,1.0,-149.7,1.082,0.863,-0.182,INCONSISTENT
TRAPPIST1h.txt,TRAPPIST-1 h,,,,,,,,,,,NO LOCAL JWST TRANSMISSION SPECTRUM
